sport,market,game_id,matchup,line_source,side_a,side_b,line_a,line_b,odds_a,odds_b,timestamp
nba,h2h,d146e10295545e18ac8915a1f5860317,Philadelphia 76ers at New York Knicks,FanDuel,New York Knicks,Philadelphia 76ers,,,-400,285,2026-05-06T23:34:16Z
nba,spreads,d146e10295545e18ac8915a1f5860317,Philadelphia 76ers at New York Knicks,FanDuel,New York Knicks,Philadelphia 76ers,-8.5,8.5,-114,-114,2026-05-06T23:34:16Z
nba,totals,d146e10295545e18ac8915a1f5860317,Philadelphia 76ers at New York Knicks,FanDuel,Over,Under,216.5,216.5,-138,104,2026-05-06T23:34:16Z
nba,h2h,d146e10295545e18ac8915a1f5860317,Philadelphia 76ers at New York Knicks,DraftKings,New York Knicks,Philadelphia 76ers,,,-425,300,2026-05-06T23:33:35Z
nba,spreads,d146e10295545e18ac8915a1f5860317,Philadelphia 76ers at New York Knicks,DraftKings,New York Knicks,Philadelphia 76ers,-9.5,9.5,-110,-120,2026-05-06T23:33:35Z
nba,totals,d146e10295545e18ac8915a1f5860317,Philadelphia 76ers at New York Knicks,DraftKings,Over,Under,215.5,215.5,-115,-115,2026-05-06T23:33:35Z
nba,h2h,d146e10295545e18ac8915a1f5860317,Philadelphia 76ers at New York Knicks,BetMGM,New York Knicks,Philadelphia 76ers,,,-425,290,2026-05-06T23:34:28Z
nba,spreads,d146e10295545e18ac8915a1f5860317,Philadelphia 76ers at New York Knicks,BetMGM,New York Knicks,Philadelphia 76ers,-9.5,9.5,-105,-125,2026-05-06T23:34:28Z
nba,totals,d146e10295545e18ac8915a1f5860317,Philadelphia 76ers at New York Knicks,BetMGM,Over,Under,216.5,216.5,-115,-110,2026-05-06T23:34:28Z
nba,h2h,d146e10295545e18ac8915a1f5860317,Philadelphia 76ers at New York Knicks,MyBookie.ag,New York Knicks,Philadelphia 76ers,,,-333,255,2026-05-06T23:32:43Z
nba,spreads,d146e10295545e18ac8915a1f5860317,Philadelphia 76ers at New York Knicks,MyBookie.ag,New York Knicks,Philadelphia 76ers,-8.5,8.5,-105,-118,2026-05-06T23:32:43Z
nba,totals,d146e10295545e18ac8915a1f5860317,Philadelphia 76ers at New York Knicks,MyBookie.ag,Over,Under,220.5,220.5,-111,-118,2026-05-06T23:32:43Z
nba,h2h,d146e10295545e18ac8915a1f5860317,Philadelphia 76ers at New York Knicks,Bovada,New York Knicks,Philadelphia 76ers,,,-360,255,2026-05-06T23:32:06Z
nba,spreads,d146e10295545e18ac8915a1f5860317,Philadelphia 76ers at New York Knicks,Bovada,New York Knicks,Philadelphia 76ers,-8.5,8.5,-115,-115,2026-05-06T23:32:06Z
nba,totals,d146e10295545e18ac8915a1f5860317,Philadelphia 76ers at New York Knicks,Bovada,Over,Under,218.5,218.5,-115,-115,2026-05-06T23:32:06Z
nba,h2h,d146e10295545e18ac8915a1f5860317,Philadelphia 76ers at New York Knicks,BetRivers,New York Knicks,Philadelphia 76ers,,,-385,275,2026-05-06T23:34:12Z
nba,spreads,d146e10295545e18ac8915a1f5860317,Philadelphia 76ers at New York Knicks,BetRivers,New York Knicks,Philadelphia 76ers,-8.5,8.5,-121,-113,2026-05-06T23:34:12Z
nba,totals,d146e10295545e18ac8915a1f5860317,Philadelphia 76ers at New York Knicks,BetRivers,Over,Under,217.5,217.5,-115,-121,2026-05-06T23:34:12Z
nba,h2h,246001ab42d44857430f7fe63f423461,Minnesota Timberwolves at San Antonio Spurs,DraftKings,Minnesota Timberwolves,San Antonio Spurs,,,320,-410,2026-05-06T23:33:35Z
nba,spreads,246001ab42d44857430f7fe63f423461,Minnesota Timberwolves at San Antonio Spurs,DraftKings,Minnesota Timberwolves,San Antonio Spurs,10.5,-10.5,-118,-102,2026-05-06T23:33:35Z
nba,totals,246001ab42d44857430f7fe63f423461,Minnesota Timberwolves at San Antonio Spurs,DraftKings,Over,Under,217.5,217.5,-112,-108,2026-05-06T23:33:35Z
nba,h2h,246001ab42d44857430f7fe63f423461,Minnesota Timberwolves at San Antonio Spurs,LowVig.ag,Minnesota Timberwolves,San Antonio Spurs,,,336,-415,2026-05-06T23:34:29Z
nba,spreads,246001ab42d44857430f7fe63f423461,Minnesota Timberwolves at San Antonio Spurs,LowVig.ag,Minnesota Timberwolves,San Antonio Spurs,10.0,-10.0,-106,-106,2026-05-06T23:34:29Z
nba,totals,246001ab42d44857430f7fe63f423461,Minnesota Timberwolves at San Antonio Spurs,LowVig.ag,Over,Under,217.5,217.5,-109,-105,2026-05-06T23:34:29Z
nba,h2h,246001ab42d44857430f7fe63f423461,Minnesota Timberwolves at San Antonio Spurs,BetOnline.ag,Minnesota Timberwolves,San Antonio Spurs,,,330,-420,2026-05-06T23:33:53Z
nba,spreads,246001ab42d44857430f7fe63f423461,Minnesota Timberwolves at San Antonio Spurs,BetOnline.ag,Minnesota Timberwolves,San Antonio Spurs,10.0,-10.0,-113,-107,2026-05-06T23:33:53Z
nba,totals,246001ab42d44857430f7fe63f423461,Minnesota Timberwolves at San Antonio Spurs,BetOnline.ag,Over,Under,217.5,217.5,-112,-108,2026-05-06T23:33:53Z
nba,h2h,246001ab42d44857430f7fe63f423461,Minnesota Timberwolves at San Antonio Spurs,FanDuel,Minnesota Timberwolves,San Antonio Spurs,,,330,-420,2026-05-06T23:34:16Z
nba,spreads,246001ab42d44857430f7fe63f423461,Minnesota Timberwolves at San Antonio Spurs,FanDuel,Minnesota Timberwolves,San Antonio Spurs,10.5,-10.5,-120,-102,2026-05-06T23:34:16Z
nba,totals,246001ab42d44857430f7fe63f423461,Minnesota Timberwolves at San Antonio Spurs,FanDuel,Over,Under,217.5,217.5,-112,-108,2026-05-06T23:34:16Z
nba,h2h,246001ab42d44857430f7fe63f423461,Minnesota Timberwolves at San Antonio Spurs,BetRivers,Minnesota Timberwolves,San Antonio Spurs,,,335,-455,2026-05-06T23:34:12Z
nba,spreads,246001ab42d44857430f7fe63f423461,Minnesota Timberwolves at San Antonio Spurs,BetRivers,Minnesota Timberwolves,San Antonio Spurs,10.0,-10.0,-112,-112,2026-05-06T23:34:12Z
nba,totals,246001ab42d44857430f7fe63f423461,Minnesota Timberwolves at San Antonio Spurs,BetRivers,Over,Under,217.5,217.5,-110,-113,2026-05-06T23:34:12Z
nba,h2h,246001ab42d44857430f7fe63f423461,Minnesota Timberwolves at San Antonio Spurs,BetMGM,Minnesota Timberwolves,San Antonio Spurs,,,320,-425,2026-05-06T23:34:28Z
nba,spreads,246001ab42d44857430f7fe63f423461,Minnesota Timberwolves at San Antonio Spurs,BetMGM,Minnesota Timberwolves,San Antonio Spurs,9.5,-9.5,-105,-115,2026-05-06T23:34:28Z
nba,totals,246001ab42d44857430f7fe63f423461,Minnesota Timberwolves at San Antonio Spurs,BetMGM,Over,Under,217.5,217.5,-110,-110,2026-05-06T23:34:28Z
nba,h2h,246001ab42d44857430f7fe63f423461,Minnesota Timberwolves at San Antonio Spurs,MyBookie.ag,Minnesota Timberwolves,San Antonio Spurs,,,308,-417,2026-05-06T23:32:43Z
nba,spreads,246001ab42d44857430f7fe63f423461,Minnesota Timberwolves at San Antonio Spurs,MyBookie.ag,Minnesota Timberwolves,San Antonio Spurs,10.0,-10.0,-110,-110,2026-05-06T23:32:43Z
nba,totals,246001ab42d44857430f7fe63f423461,Minnesota Timberwolves at San Antonio Spurs,MyBookie.ag,Over,Under,217.5,217.5,-110,-110,2026-05-06T23:32:43Z
nba,h2h,246001ab42d44857430f7fe63f423461,Minnesota Timberwolves at San Antonio Spurs,Bovada,Minnesota Timberwolves,San Antonio Spurs,,,320,-430,2026-05-06T23:32:06Z
nba,spreads,246001ab42d44857430f7fe63f423461,Minnesota Timberwolves at San Antonio Spurs,Bovada,Minnesota Timberwolves,San Antonio Spurs,10.5,-10.5,-115,-105,2026-05-06T23:32:06Z
nba,totals,246001ab42d44857430f7fe63f423461,Minnesota Timberwolves at San Antonio Spurs,Bovada,Over,Under,218.0,218.0,-110,-110,2026-05-06T23:32:06Z
nba,h2h,246001ab42d44857430f7fe63f423461,Minnesota Timberwolves at San Antonio Spurs,BetUS,Minnesota Timberwolves,San Antonio Spurs,,,320,-400,2026-05-06T23:33:53Z
nba,spreads,246001ab42d44857430f7fe63f423461,Minnesota Timberwolves at San Antonio Spurs,BetUS,Minnesota Timberwolves,San Antonio Spurs,10.0,-10.0,-110,-110,2026-05-06T23:33:53Z
nba,totals,246001ab42d44857430f7fe63f423461,Minnesota Timberwolves at San Antonio Spurs,BetUS,Over,Under,217.5,217.5,-110,-110,2026-05-06T23:33:53Z
nba,h2h,862af0717b53a01b5e93a188a655d663,Cleveland Cavaliers at Detroit Pistons,FanDuel,Cleveland Cavaliers,Detroit Pistons,,,132,-156,2026-05-06T23:34:16Z
nba,spreads,862af0717b53a01b5e93a188a655d663,Cleveland Cavaliers at Detroit Pistons,FanDuel,Cleveland Cavaliers,Detroit Pistons,3.5,-3.5,-114,-106,2026-05-06T23:34:16Z
nba,totals,862af0717b53a01b5e93a188a655d663,Cleveland Cavaliers at Detroit Pistons,FanDuel,Over,Under,215.5,215.5,-110,-110,2026-05-06T23:34:16Z
nba,h2h,862af0717b53a01b5e93a188a655d663,Cleveland Cavaliers at Detroit Pistons,DraftKings,Cleveland Cavaliers,Detroit Pistons,,,124,-148,2026-05-06T23:33:35Z
nba,spreads,862af0717b53a01b5e93a188a655d663,Cleveland Cavaliers at Detroit Pistons,DraftKings,Cleveland Cavaliers,Detroit Pistons,3.5,-3.5,-115,-105,2026-05-06T23:33:35Z
nba,totals,862af0717b53a01b5e93a188a655d663,Cleveland Cavaliers at Detroit Pistons,DraftKings,Over,Under,215.5,215.5,-110,-110,2026-05-06T23:33:35Z
nba,h2h,862af0717b53a01b5e93a188a655d663,Cleveland Cavaliers at Detroit Pistons,BetRivers,Cleveland Cavaliers,Detroit Pistons,,,125,-155,2026-05-06T23:34:12Z
nba,spreads,862af0717b53a01b5e93a188a655d663,Cleveland Cavaliers at Detroit Pistons,BetRivers,Cleveland Cavaliers,Detroit Pistons,3.5,-3.5,-115,-108,2026-05-06T23:34:12Z
nba,totals,862af0717b53a01b5e93a188a655d663,Cleveland Cavaliers at Detroit Pistons,BetRivers,Over,Under,215.5,215.5,-113,-110,2026-05-06T23:34:12Z
nba,h2h,862af0717b53a01b5e93a188a655d663,Cleveland Cavaliers at Detroit Pistons,LowVig.ag,Cleveland Cavaliers,Detroit Pistons,,,146,-165,2026-05-06T23:34:29Z
nba,spreads,862af0717b53a01b5e93a188a655d663,Cleveland Cavaliers at Detroit Pistons,LowVig.ag,Cleveland Cavaliers,Detroit Pistons,3.5,-3.5,-106,-106,2026-05-06T23:34:29Z
nba,totals,862af0717b53a01b5e93a188a655d663,Cleveland Cavaliers at Detroit Pistons,LowVig.ag,Over,Under,216.0,216.0,-107,-107,2026-05-06T23:34:29Z
nba,h2h,862af0717b53a01b5e93a188a655d663,Cleveland Cavaliers at Detroit Pistons,BetOnline.ag,Cleveland Cavaliers,Detroit Pistons,,,145,-165,2026-05-06T23:33:53Z
nba,spreads,862af0717b53a01b5e93a188a655d663,Cleveland Cavaliers at Detroit Pistons,BetOnline.ag,Cleveland Cavaliers,Detroit Pistons,3.5,-3.5,-110,-110,2026-05-06T23:33:53Z
nba,totals,862af0717b53a01b5e93a188a655d663,Cleveland Cavaliers at Detroit Pistons,BetOnline.ag,Over,Under,216.0,216.0,-110,-110,2026-05-06T23:33:53Z
nba,h2h,862af0717b53a01b5e93a188a655d663,Cleveland Cavaliers at Detroit Pistons,BetMGM,Cleveland Cavaliers,Detroit Pistons,,,135,-160,2026-05-06T23:34:28Z
nba,spreads,862af0717b53a01b5e93a188a655d663,Cleveland Cavaliers at Detroit Pistons,BetMGM,Cleveland Cavaliers,Detroit Pistons,3.5,-3.5,-115,-105,2026-05-06T23:34:28Z
nba,totals,862af0717b53a01b5e93a188a655d663,Cleveland Cavaliers at Detroit Pistons,BetMGM,Over,Under,216.5,216.5,-110,-110,2026-05-06T23:34:28Z
nba,h2h,862af0717b53a01b5e93a188a655d663,Cleveland Cavaliers at Detroit Pistons,MyBookie.ag,Cleveland Cavaliers,Detroit Pistons,,,130,-161,2026-05-06T23:32:43Z
nba,spreads,862af0717b53a01b5e93a188a655d663,Cleveland Cavaliers at Detroit Pistons,MyBookie.ag,Cleveland Cavaliers,Detroit Pistons,3.5,-3.5,-110,-110,2026-05-06T23:32:43Z
nba,totals,862af0717b53a01b5e93a188a655d663,Cleveland Cavaliers at Detroit Pistons,MyBookie.ag,Over,Under,215.5,215.5,-110,-110,2026-05-06T23:32:43Z
nba,h2h,862af0717b53a01b5e93a188a655d663,Cleveland Cavaliers at Detroit Pistons,Bovada,Cleveland Cavaliers,Detroit Pistons,,,140,-165,2026-05-06T23:32:06Z
nba,spreads,862af0717b53a01b5e93a188a655d663,Cleveland Cavaliers at Detroit Pistons,Bovada,Cleveland Cavaliers,Detroit Pistons,3.5,-3.5,-110,-110,2026-05-06T23:32:06Z
nba,totals,862af0717b53a01b5e93a188a655d663,Cleveland Cavaliers at Detroit Pistons,Bovada,Over,Under,215.5,215.5,-110,-110,2026-05-06T23:32:06Z
nba,h2h,862af0717b53a01b5e93a188a655d663,Cleveland Cavaliers at Detroit Pistons,BetUS,Cleveland Cavaliers,Detroit Pistons,,,138,-160,2026-05-06T23:33:53Z
nba,spreads,862af0717b53a01b5e93a188a655d663,Cleveland Cavaliers at Detroit Pistons,BetUS,Cleveland Cavaliers,Detroit Pistons,3.5,-3.5,-110,-110,2026-05-06T23:33:53Z
nba,totals,862af0717b53a01b5e93a188a655d663,Cleveland Cavaliers at Detroit Pistons,BetUS,Over,Under,215.5,215.5,-110,-110,2026-05-06T23:33:53Z
nba,h2h,a306b74e13d87d2f8d64b1e01c2cf958,Los Angeles Lakers at Oklahoma City Thunder,DraftKings,Los Angeles Lakers,Oklahoma City Thunder,,,600,-900,2026-05-06T23:33:35Z
nba,spreads,a306b74e13d87d2f8d64b1e01c2cf958,Los Angeles Lakers at Oklahoma City Thunder,DraftKings,Los Angeles Lakers,Oklahoma City Thunder,15.5,-15.5,-110,-110,2026-05-06T23:33:35Z
nba,totals,a306b74e13d87d2f8d64b1e01c2cf958,Los Angeles Lakers at Oklahoma City Thunder,DraftKings,Over,Under,209.5,209.5,-105,-115,2026-05-06T23:33:35Z
nba,h2h,a306b74e13d87d2f8d64b1e01c2cf958,Los Angeles Lakers at Oklahoma City Thunder,BetMGM,Los Angeles Lakers,Oklahoma City Thunder,,,650,-1000,2026-05-06T23:34:28Z
nba,spreads,a306b74e13d87d2f8d64b1e01c2cf958,Los Angeles Lakers at Oklahoma City Thunder,BetMGM,Los Angeles Lakers,Oklahoma City Thunder,15.5,-15.5,-110,-110,2026-05-06T23:34:28Z
nba,totals,a306b74e13d87d2f8d64b1e01c2cf958,Los Angeles Lakers at Oklahoma City Thunder,BetMGM,Over,Under,209.5,209.5,-110,-110,2026-05-06T23:34:28Z
nba,h2h,a306b74e13d87d2f8d64b1e01c2cf958,Los Angeles Lakers at Oklahoma City Thunder,FanDuel,Los Angeles Lakers,Oklahoma City Thunder,,,640,-950,2026-05-06T23:34:16Z
nba,spreads,a306b74e13d87d2f8d64b1e01c2cf958,Los Angeles Lakers at Oklahoma City Thunder,FanDuel,Los Angeles Lakers,Oklahoma City Thunder,15.5,-15.5,-110,-110,2026-05-06T23:34:16Z
nba,totals,a306b74e13d87d2f8d64b1e01c2cf958,Los Angeles Lakers at Oklahoma City Thunder,FanDuel,Over,Under,209.5,209.5,-108,-112,2026-05-06T23:34:16Z
nba,h2h,a306b74e13d87d2f8d64b1e01c2cf958,Los Angeles Lakers at Oklahoma City Thunder,BetRivers,Los Angeles Lakers,Oklahoma City Thunder,,,700,-1250,2026-05-06T23:34:12Z
nba,spreads,a306b74e13d87d2f8d64b1e01c2cf958,Los Angeles Lakers at Oklahoma City Thunder,BetRivers,Los Angeles Lakers,Oklahoma City Thunder,15.5,-15.5,-110,-113,2026-05-06T23:34:12Z
nba,totals,a306b74e13d87d2f8d64b1e01c2cf958,Los Angeles Lakers at Oklahoma City Thunder,BetRivers,Over,Under,210.0,210.0,-109,-113,2026-05-06T23:34:12Z
nba,h2h,a306b74e13d87d2f8d64b1e01c2cf958,Los Angeles Lakers at Oklahoma City Thunder,LowVig.ag,Los Angeles Lakers,Oklahoma City Thunder,,,590,-810,2026-05-06T23:34:29Z
nba,spreads,a306b74e13d87d2f8d64b1e01c2cf958,Los Angeles Lakers at Oklahoma City Thunder,LowVig.ag,Los Angeles Lakers,Oklahoma City Thunder,15.5,-15.5,-106,-106,2026-05-06T23:34:29Z
nba,totals,a306b74e13d87d2f8d64b1e01c2cf958,Los Angeles Lakers at Oklahoma City Thunder,LowVig.ag,Over,Under,210.0,210.0,-107,-107,2026-05-06T23:34:29Z
nba,h2h,a306b74e13d87d2f8d64b1e01c2cf958,Los Angeles Lakers at Oklahoma City Thunder,BetOnline.ag,Los Angeles Lakers,Oklahoma City Thunder,,,574,-825,2026-05-06T23:33:53Z
nba,spreads,a306b74e13d87d2f8d64b1e01c2cf958,Los Angeles Lakers at Oklahoma City Thunder,BetOnline.ag,Los Angeles Lakers,Oklahoma City Thunder,15.5,-15.5,-110,-110,2026-05-06T23:33:53Z
nba,totals,a306b74e13d87d2f8d64b1e01c2cf958,Los Angeles Lakers at Oklahoma City Thunder,BetOnline.ag,Over,Under,210.0,210.0,-110,-110,2026-05-06T23:33:53Z
nba,h2h,a306b74e13d87d2f8d64b1e01c2cf958,Los Angeles Lakers at Oklahoma City Thunder,MyBookie.ag,Los Angeles Lakers,Oklahoma City Thunder,,,590,-1000,2026-05-06T23:32:43Z
nba,spreads,a306b74e13d87d2f8d64b1e01c2cf958,Los Angeles Lakers at Oklahoma City Thunder,MyBookie.ag,Los Angeles Lakers,Oklahoma City Thunder,15.5,-15.5,-110,-110,2026-05-06T23:32:43Z
nba,totals,a306b74e13d87d2f8d64b1e01c2cf958,Los Angeles Lakers at Oklahoma City Thunder,MyBookie.ag,Over,Under,209.5,209.5,-110,-110,2026-05-06T23:32:43Z
nba,h2h,a306b74e13d87d2f8d64b1e01c2cf958,Los Angeles Lakers at Oklahoma City Thunder,Bovada,Los Angeles Lakers,Oklahoma City Thunder,,,600,-950,2026-05-06T23:32:06Z
nba,spreads,a306b74e13d87d2f8d64b1e01c2cf958,Los Angeles Lakers at Oklahoma City Thunder,Bovada,Los Angeles Lakers,Oklahoma City Thunder,15.5,-15.5,-110,-110,2026-05-06T23:32:06Z
nba,totals,a306b74e13d87d2f8d64b1e01c2cf958,Los Angeles Lakers at Oklahoma City Thunder,Bovada,Over,Under,210.0,210.0,-110,-110,2026-05-06T23:32:06Z
mlb,h2h,8379550b6a949466b56d6ddffad2b2fe,Athletics at Philadelphia Phillies,FanDuel,Athletics,Philadelphia Phillies,,,-115,-108,2026-05-06T23:34:18Z
mlb,spreads,8379550b6a949466b56d6ddffad2b2fe,Athletics at Philadelphia Phillies,FanDuel,Athletics,Philadelphia Phillies,-1.5,1.5,168,-230,2026-05-06T23:34:18Z
mlb,totals,8379550b6a949466b56d6ddffad2b2fe,Athletics at Philadelphia Phillies,FanDuel,Over,Under,5.5,5.5,-140,106,2026-05-06T23:34:18Z
mlb,h2h,8379550b6a949466b56d6ddffad2b2fe,Athletics at Philadelphia Phillies,MyBookie.ag,Athletics,Philadelphia Phillies,,,-154,120,2026-05-06T23:33:05Z
mlb,spreads,8379550b6a949466b56d6ddffad2b2fe,Athletics at Philadelphia Phillies,MyBookie.ag,Athletics,Philadelphia Phillies,-1.5,1.5,120,-167,2026-05-06T23:33:05Z
mlb,totals,8379550b6a949466b56d6ddffad2b2fe,Athletics at Philadelphia Phillies,MyBookie.ag,Over,Under,6.5,6.5,-118,-125,2026-05-06T23:33:05Z
mlb,h2h,8379550b6a949466b56d6ddffad2b2fe,Athletics at Philadelphia Phillies,DraftKings,Athletics,Philadelphia Phillies,,,-122,-106,2026-05-06T23:34:18Z
mlb,spreads,8379550b6a949466b56d6ddffad2b2fe,Athletics at Philadelphia Phillies,DraftKings,Athletics,Philadelphia Phillies,-1.5,1.5,161,-215,2026-05-06T23:34:18Z
mlb,totals,8379550b6a949466b56d6ddffad2b2fe,Athletics at Philadelphia Phillies,DraftKings,Over,Under,6.5,6.5,106,-138,2026-05-06T23:34:18Z
mlb,h2h,8379550b6a949466b56d6ddffad2b2fe,Athletics at Philadelphia Phillies,Bovada,Athletics,Philadelphia Phillies,,,-145,110,2026-05-06T23:33:41Z
mlb,spreads,8379550b6a949466b56d6ddffad2b2fe,Athletics at Philadelphia Phillies,Bovada,Athletics,Philadelphia Phillies,-1.0,1.0,105,-135,2026-05-06T23:33:41Z
mlb,totals,8379550b6a949466b56d6ddffad2b2fe,Athletics at Philadelphia Phillies,Bovada,Over,Under,6.0,6.0,-120,-110,2026-05-06T23:33:41Z
mlb,h2h,8379550b6a949466b56d6ddffad2b2fe,Athletics at Philadelphia Phillies,BetRivers,Athletics,Philadelphia Phillies,,,-148,105,2026-05-06T23:34:17Z
mlb,spreads,8379550b6a949466b56d6ddffad2b2fe,Athletics at Philadelphia Phillies,BetRivers,Athletics,Philadelphia Phillies,-1.0,1.0,102,-141,2026-05-06T23:34:17Z
mlb,totals,8379550b6a949466b56d6ddffad2b2fe,Athletics at Philadelphia Phillies,BetRivers,Over,Under,6.0,6.0,-122,-115,2026-05-06T23:34:17Z
mlb,h2h,8379550b6a949466b56d6ddffad2b2fe,Athletics at Philadelphia Phillies,BetMGM,Athletics,Philadelphia Phillies,,,-120,-105,2026-05-06T23:33:05Z
mlb,spreads,8379550b6a949466b56d6ddffad2b2fe,Athletics at Philadelphia Phillies,BetMGM,Athletics,Philadelphia Phillies,-1.5,1.5,160,-210,2026-05-06T23:33:05Z
mlb,totals,8379550b6a949466b56d6ddffad2b2fe,Athletics at Philadelphia Phillies,BetMGM,Over,Under,6.5,6.5,100,-130,2026-05-06T23:33:05Z
mlb,h2h,7dd3ac6bd80317fdd884080b8d94dd77,Baltimore Orioles at Miami Marlins,FanDuel,Baltimore Orioles,Miami Marlins,,,-186,144,2026-05-06T23:34:18Z
mlb,spreads,7dd3ac6bd80317fdd884080b8d94dd77,Baltimore Orioles at Miami Marlins,FanDuel,Baltimore Orioles,Miami Marlins,-1.5,1.5,116,-154,2026-05-06T23:34:18Z
mlb,totals,7dd3ac6bd80317fdd884080b8d94dd77,Baltimore Orioles at Miami Marlins,FanDuel,Over,Under,12.5,12.5,102,-136,2026-05-06T23:34:18Z
mlb,h2h,7dd3ac6bd80317fdd884080b8d94dd77,Baltimore Orioles at Miami Marlins,MyBookie.ag,Baltimore Orioles,Miami Marlins,,,115,-154,2026-05-06T23:33:05Z
mlb,spreads,7dd3ac6bd80317fdd884080b8d94dd77,Baltimore Orioles at Miami Marlins,MyBookie.ag,Baltimore Orioles,Miami Marlins,1.5,-1.5,-250,170,2026-05-06T23:33:05Z
mlb,totals,7dd3ac6bd80317fdd884080b8d94dd77,Baltimore Orioles at Miami Marlins,MyBookie.ag,Over,Under,11.0,11.0,-118,-118,2026-05-06T23:33:05Z
mlb,h2h,7dd3ac6bd80317fdd884080b8d94dd77,Baltimore Orioles at Miami Marlins,DraftKings,Baltimore Orioles,Miami Marlins,,,-175,133,2026-05-06T23:34:18Z
mlb,spreads,7dd3ac6bd80317fdd884080b8d94dd77,Baltimore Orioles at Miami Marlins,DraftKings,Baltimore Orioles,Miami Marlins,-1.5,1.5,111,-144,2026-05-06T23:34:18Z
mlb,totals,7dd3ac6bd80317fdd884080b8d94dd77,Baltimore Orioles at Miami Marlins,DraftKings,Over,Under,12.5,12.5,-102,-127,2026-05-06T23:34:18Z
mlb,h2h,7dd3ac6bd80317fdd884080b8d94dd77,Baltimore Orioles at Miami Marlins,Bovada,Baltimore Orioles,Miami Marlins,,,-185,140,2026-05-06T23:33:41Z
mlb,spreads,7dd3ac6bd80317fdd884080b8d94dd77,Baltimore Orioles at Miami Marlins,Bovada,Baltimore Orioles,Miami Marlins,-1.0,1.0,-130,100,2026-05-06T23:33:41Z
mlb,totals,7dd3ac6bd80317fdd884080b8d94dd77,Baltimore Orioles at Miami Marlins,Bovada,Over,Under,12.5,12.5,-110,-120,2026-05-06T23:33:41Z
mlb,h2h,7dd3ac6bd80317fdd884080b8d94dd77,Baltimore Orioles at Miami Marlins,BetRivers,Baltimore Orioles,Miami Marlins,,,-175,125,2026-05-06T23:34:17Z
mlb,spreads,7dd3ac6bd80317fdd884080b8d94dd77,Baltimore Orioles at Miami Marlins,BetRivers,Baltimore Orioles,Miami Marlins,-1.0,1.0,-117,-118,2026-05-06T23:34:17Z
mlb,totals,7dd3ac6bd80317fdd884080b8d94dd77,Baltimore Orioles at Miami Marlins,BetRivers,Over,Under,12.5,12.5,-107,-132,2026-05-06T23:34:17Z
mlb,h2h,7dd3ac6bd80317fdd884080b8d94dd77,Baltimore Orioles at Miami Marlins,BetMGM,Baltimore Orioles,Miami Marlins,,,-170,135,2026-05-06T23:33:05Z
mlb,spreads,7dd3ac6bd80317fdd884080b8d94dd77,Baltimore Orioles at Miami Marlins,BetMGM,Baltimore Orioles,Miami Marlins,-1.5,1.5,110,-140,2026-05-06T23:33:05Z
mlb,totals,7dd3ac6bd80317fdd884080b8d94dd77,Baltimore Orioles at Miami Marlins,BetMGM,Over,Under,12.5,12.5,-110,-115,2026-05-06T23:33:05Z
mlb,h2h,4a14bd2383b640b8cf105c59c99fa882,Boston Red Sox at Detroit Tigers,FanDuel,Boston Red Sox,Detroit Tigers,,,-280,210,2026-05-06T23:33:06Z
mlb,spreads,4a14bd2383b640b8cf105c59c99fa882,Boston Red Sox at Detroit Tigers,FanDuel,Boston Red Sox,Detroit Tigers,-1.5,1.5,-146,110,2026-05-06T23:33:06Z
mlb,totals,4a14bd2383b640b8cf105c59c99fa882,Boston Red Sox at Detroit Tigers,FanDuel,Over,Under,7.5,7.5,-110,-120,2026-05-06T23:33:06Z
mlb,h2h,4a14bd2383b640b8cf105c59c99fa882,Boston Red Sox at Detroit Tigers,BetRivers,Boston Red Sox,Detroit Tigers,,,-315,210,2026-05-06T23:34:17Z
mlb,spreads,4a14bd2383b640b8cf105c59c99fa882,Boston Red Sox at Detroit Tigers,BetRivers,Boston Red Sox,Detroit Tigers,-2.0,2.0,-114,-121,2026-05-06T23:34:17Z
mlb,totals,4a14bd2383b640b8cf105c59c99fa882,Boston Red Sox at Detroit Tigers,BetRivers,Over,Under,7.5,7.5,-117,-121,2026-05-06T23:34:17Z
mlb,h2h,4a14bd2383b640b8cf105c59c99fa882,Boston Red Sox at Detroit Tigers,BetMGM,Boston Red Sox,Detroit Tigers,,,-250,190,2026-05-06T23:33:05Z
mlb,spreads,4a14bd2383b640b8cf105c59c99fa882,Boston Red Sox at Detroit Tigers,BetMGM,Boston Red Sox,Detroit Tigers,-1.5,1.5,-135,105,2026-05-06T23:33:05Z
mlb,totals,4a14bd2383b640b8cf105c59c99fa882,Boston Red Sox at Detroit Tigers,BetMGM,Over,Under,7.5,7.5,-125,-102,2026-05-06T23:33:05Z
mlb,h2h,4a14bd2383b640b8cf105c59c99fa882,Boston Red Sox at Detroit Tigers,DraftKings,Boston Red Sox,Detroit Tigers,,,-272,200,2026-05-06T23:34:18Z
mlb,spreads,4a14bd2383b640b8cf105c59c99fa882,Boston Red Sox at Detroit Tigers,DraftKings,Boston Red Sox,Detroit Tigers,-1.5,1.5,-148,114,2026-05-06T23:34:18Z
mlb,totals,4a14bd2383b640b8cf105c59c99fa882,Boston Red Sox at Detroit Tigers,DraftKings,Over,Under,7.5,7.5,-104,-124,2026-05-06T23:34:18Z
mlb,h2h,4a14bd2383b640b8cf105c59c99fa882,Boston Red Sox at Detroit Tigers,Bovada,Boston Red Sox,Detroit Tigers,,,-240,180,2026-05-06T23:28:53Z
mlb,spreads,4a14bd2383b640b8cf105c59c99fa882,Boston Red Sox at Detroit Tigers,Bovada,Boston Red Sox,Detroit Tigers,-1.5,1.5,-130,100,2026-05-06T23:28:53Z
mlb,totals,4a14bd2383b640b8cf105c59c99fa882,Boston Red Sox at Detroit Tigers,Bovada,Over,Under,8.0,8.0,-110,-120,2026-05-06T23:28:53Z
mlb,h2h,4a14bd2383b640b8cf105c59c99fa882,Boston Red Sox at Detroit Tigers,MyBookie.ag,Boston Red Sox,Detroit Tigers,,,-286,225,2026-05-06T23:31:02Z
mlb,spreads,4a14bd2383b640b8cf105c59c99fa882,Boston Red Sox at Detroit Tigers,MyBookie.ag,Boston Red Sox,Detroit Tigers,-2.5,2.5,100,-143,2026-05-06T23:31:02Z
mlb,totals,4a14bd2383b640b8cf105c59c99fa882,Boston Red Sox at Detroit Tigers,MyBookie.ag,Over,Under,8.5,8.5,-118,-125,2026-05-06T23:31:02Z
mlb,h2h,50bf885c9e829f1de48161f3ec47e5dc,Minnesota Twins at Washington Nationals,FanDuel,Minnesota Twins,Washington Nationals,,,-158,124,2026-05-06T23:34:18Z
mlb,spreads,50bf885c9e829f1de48161f3ec47e5dc,Minnesota Twins at Washington Nationals,FanDuel,Minnesota Twins,Washington Nationals,-1.5,1.5,126,-172,2026-05-06T23:34:18Z
mlb,totals,50bf885c9e829f1de48161f3ec47e5dc,Minnesota Twins at Washington Nationals,FanDuel,Over,Under,6.5,6.5,-122,-110,2026-05-06T23:34:18Z
mlb,h2h,50bf885c9e829f1de48161f3ec47e5dc,Minnesota Twins at Washington Nationals,MyBookie.ag,Minnesota Twins,Washington Nationals,,,-167,125,2026-05-06T23:33:05Z
mlb,spreads,50bf885c9e829f1de48161f3ec47e5dc,Minnesota Twins at Washington Nationals,MyBookie.ag,Minnesota Twins,Washington Nationals,-1.5,1.5,110,-154,2026-05-06T23:33:05Z
mlb,totals,50bf885c9e829f1de48161f3ec47e5dc,Minnesota Twins at Washington Nationals,MyBookie.ag,Over,Under,7.0,7.0,-105,-125,2026-05-06T23:33:05Z
mlb,h2h,50bf885c9e829f1de48161f3ec47e5dc,Minnesota Twins at Washington Nationals,DraftKings,Minnesota Twins,Washington Nationals,,,-166,127,2026-05-06T23:34:18Z
mlb,spreads,50bf885c9e829f1de48161f3ec47e5dc,Minnesota Twins at Washington Nationals,DraftKings,Minnesota Twins,Washington Nationals,-1.5,1.5,112,-145,2026-05-06T23:34:18Z
mlb,totals,50bf885c9e829f1de48161f3ec47e5dc,Minnesota Twins at Washington Nationals,DraftKings,Over,Under,6.5,6.5,-119,-109,2026-05-06T23:34:18Z
mlb,h2h,50bf885c9e829f1de48161f3ec47e5dc,Minnesota Twins at Washington Nationals,Bovada,Minnesota Twins,Washington Nationals,,,-150,115,2026-05-06T23:33:41Z
mlb,spreads,50bf885c9e829f1de48161f3ec47e5dc,Minnesota Twins at Washington Nationals,Bovada,Minnesota Twins,Washington Nationals,-1.0,1.0,-110,-120,2026-05-06T23:33:41Z
mlb,totals,50bf885c9e829f1de48161f3ec47e5dc,Minnesota Twins at Washington Nationals,Bovada,Over,Under,7.0,7.0,100,-130,2026-05-06T23:33:41Z
mlb,h2h,50bf885c9e829f1de48161f3ec47e5dc,Minnesota Twins at Washington Nationals,BetRivers,Minnesota Twins,Washington Nationals,,,-180,128,2026-05-06T23:34:17Z
mlb,spreads,50bf885c9e829f1de48161f3ec47e5dc,Minnesota Twins at Washington Nationals,BetRivers,Minnesota Twins,Washington Nationals,-1.0,1.0,-125,-110,2026-05-06T23:34:17Z
mlb,totals,50bf885c9e829f1de48161f3ec47e5dc,Minnesota Twins at Washington Nationals,BetRivers,Over,Under,6.5,6.5,-122,-115,2026-05-06T23:34:17Z
mlb,h2h,50bf885c9e829f1de48161f3ec47e5dc,Minnesota Twins at Washington Nationals,BetMGM,Minnesota Twins,Washington Nationals,,,-170,135,2026-05-06T23:33:05Z
mlb,spreads,50bf885c9e829f1de48161f3ec47e5dc,Minnesota Twins at Washington Nationals,BetMGM,Minnesota Twins,Washington Nationals,-1.5,1.5,110,-140,2026-05-06T23:33:05Z
mlb,totals,50bf885c9e829f1de48161f3ec47e5dc,Minnesota Twins at Washington Nationals,BetMGM,Over,Under,6.5,6.5,-125,-102,2026-05-06T23:33:05Z
mlb,h2h,895be7e0cbc697eeffc1f4c9fb60613b,Texas Rangers at New York Yankees,FanDuel,New York Yankees,Texas Rangers,,,-108,-118,2026-05-06T23:34:18Z
mlb,spreads,895be7e0cbc697eeffc1f4c9fb60613b,Texas Rangers at New York Yankees,FanDuel,New York Yankees,Texas Rangers,1.5,-1.5,-188,140,2026-05-06T23:34:18Z
mlb,totals,895be7e0cbc697eeffc1f4c9fb60613b,Texas Rangers at New York Yankees,FanDuel,Over,Under,8.5,8.5,-120,-110,2026-05-06T23:34:18Z
mlb,h2h,895be7e0cbc697eeffc1f4c9fb60613b,Texas Rangers at New York Yankees,MyBookie.ag,New York Yankees,Texas Rangers,,,-125,-105,2026-05-06T23:33:05Z
mlb,spreads,895be7e0cbc697eeffc1f4c9fb60613b,Texas Rangers at New York Yankees,MyBookie.ag,New York Yankees,Texas Rangers,1.5,-1.5,-222,160,2026-05-06T23:33:05Z
mlb,totals,895be7e0cbc697eeffc1f4c9fb60613b,Texas Rangers at New York Yankees,MyBookie.ag,Over,Under,8.0,8.0,-118,-118,2026-05-06T23:33:05Z
mlb,h2h,895be7e0cbc697eeffc1f4c9fb60613b,Texas Rangers at New York Yankees,DraftKings,New York Yankees,Texas Rangers,,,-111,-116,2026-05-06T23:34:18Z
mlb,spreads,895be7e0cbc697eeffc1f4c9fb60613b,Texas Rangers at New York Yankees,DraftKings,New York Yankees,Texas Rangers,1.5,-1.5,-179,137,2026-05-06T23:34:18Z
mlb,totals,895be7e0cbc697eeffc1f4c9fb60613b,Texas Rangers at New York Yankees,DraftKings,Over,Under,8.5,8.5,-124,-105,2026-05-06T23:34:18Z
mlb,h2h,895be7e0cbc697eeffc1f4c9fb60613b,Texas Rangers at New York Yankees,Bovada,New York Yankees,Texas Rangers,,,-110,-120,2026-05-06T23:33:41Z
mlb,spreads,895be7e0cbc697eeffc1f4c9fb60613b,Texas Rangers at New York Yankees,Bovada,New York Yankees,Texas Rangers,1.0,-1.0,-145,110,2026-05-06T23:33:41Z
mlb,totals,895be7e0cbc697eeffc1f4c9fb60613b,Texas Rangers at New York Yankees,Bovada,Over,Under,8.5,8.5,-115,-115,2026-05-06T23:33:41Z
mlb,h2h,895be7e0cbc697eeffc1f4c9fb60613b,Texas Rangers at New York Yankees,BetRivers,New York Yankees,Texas Rangers,,,-113,-122,2026-05-06T23:34:17Z
mlb,spreads,895be7e0cbc697eeffc1f4c9fb60613b,Texas Rangers at New York Yankees,BetRivers,New York Yankees,Texas Rangers,1.0,-1.0,-159,115,2026-05-06T23:34:17Z
mlb,totals,895be7e0cbc697eeffc1f4c9fb60613b,Texas Rangers at New York Yankees,BetRivers,Over,Under,8.5,8.5,-129,-110,2026-05-06T23:34:17Z
mlb,h2h,895be7e0cbc697eeffc1f4c9fb60613b,Texas Rangers at New York Yankees,BetMGM,New York Yankees,Texas Rangers,,,-110,-110,2026-05-06T23:33:05Z
mlb,spreads,895be7e0cbc697eeffc1f4c9fb60613b,Texas Rangers at New York Yankees,BetMGM,New York Yankees,Texas Rangers,1.5,-1.5,-185,140,2026-05-06T23:33:05Z
mlb,totals,895be7e0cbc697eeffc1f4c9fb60613b,Texas Rangers at New York Yankees,BetMGM,Over,Under,8.5,8.5,-115,-110,2026-05-06T23:33:05Z
mlb,h2h,a524558d8c67f4e0116d63123b26e426,Cincinnati Reds at Chicago Cubs,FanDuel,Chicago Cubs,Cincinnati Reds,,,-168,142,2026-05-06T23:34:18Z
mlb,spreads,a524558d8c67f4e0116d63123b26e426,Cincinnati Reds at Chicago Cubs,FanDuel,Chicago Cubs,Cincinnati Reds,-1.5,1.5,126,-152,2026-05-06T23:34:18Z
mlb,totals,a524558d8c67f4e0116d63123b26e426,Cincinnati Reds at Chicago Cubs,FanDuel,Over,Under,8.0,8.0,-115,-105,2026-05-06T23:34:18Z
mlb,h2h,a524558d8c67f4e0116d63123b26e426,Cincinnati Reds at Chicago Cubs,BetOnline.ag,Chicago Cubs,Cincinnati Reds,,,-165,149,2026-05-06T23:33:44Z
mlb,spreads,a524558d8c67f4e0116d63123b26e426,Cincinnati Reds at Chicago Cubs,BetOnline.ag,Chicago Cubs,Cincinnati Reds,-1.5,1.5,130,-150,2026-05-06T23:33:44Z
mlb,totals,a524558d8c67f4e0116d63123b26e426,Cincinnati Reds at Chicago Cubs,BetOnline.ag,Over,Under,8.0,8.0,-122,102,2026-05-06T23:33:44Z
mlb,h2h,a524558d8c67f4e0116d63123b26e426,Cincinnati Reds at Chicago Cubs,LowVig.ag,Chicago Cubs,Cincinnati Reds,,,-165,149,2026-05-06T23:33:42Z
mlb,spreads,a524558d8c67f4e0116d63123b26e426,Cincinnati Reds at Chicago Cubs,LowVig.ag,Chicago Cubs,Cincinnati Reds,-1.5,1.5,132,-149,2026-05-06T23:33:42Z
mlb,totals,a524558d8c67f4e0116d63123b26e426,Cincinnati Reds at Chicago Cubs,LowVig.ag,Over,Under,8.0,8.0,-120,105,2026-05-06T23:33:42Z
mlb,h2h,a524558d8c67f4e0116d63123b26e426,Cincinnati Reds at Chicago Cubs,MyBookie.ag,Chicago Cubs,Cincinnati Reds,,,-169,142,2026-05-06T23:33:05Z
mlb,spreads,a524558d8c67f4e0116d63123b26e426,Cincinnati Reds at Chicago Cubs,MyBookie.ag,Chicago Cubs,Cincinnati Reds,-1.5,1.5,125,-147,2026-05-06T23:33:05Z
mlb,totals,a524558d8c67f4e0116d63123b26e426,Cincinnati Reds at Chicago Cubs,MyBookie.ag,Over,Under,8.0,8.0,-118,-103,2026-05-06T23:33:05Z
mlb,h2h,a524558d8c67f4e0116d63123b26e426,Cincinnati Reds at Chicago Cubs,DraftKings,Chicago Cubs,Cincinnati Reds,,,-169,140,2026-05-06T23:34:18Z
mlb,spreads,a524558d8c67f4e0116d63123b26e426,Cincinnati Reds at Chicago Cubs,DraftKings,Chicago Cubs,Cincinnati Reds,-1.5,1.5,128,-154,2026-05-06T23:34:18Z
mlb,totals,a524558d8c67f4e0116d63123b26e426,Cincinnati Reds at Chicago Cubs,DraftKings,Over,Under,8.0,8.0,-117,-103,2026-05-06T23:34:18Z
mlb,h2h,a524558d8c67f4e0116d63123b26e426,Cincinnati Reds at Chicago Cubs,BetUS,Chicago Cubs,Cincinnati Reds,,,-159,142,2026-05-06T23:34:01Z
mlb,spreads,a524558d8c67f4e0116d63123b26e426,Cincinnati Reds at Chicago Cubs,BetUS,Chicago Cubs,Cincinnati Reds,-1.5,1.5,130,-150,2026-05-06T23:34:01Z
mlb,totals,a524558d8c67f4e0116d63123b26e426,Cincinnati Reds at Chicago Cubs,BetUS,Over,Under,8.0,8.0,-120,100,2026-05-06T23:34:01Z
mlb,h2h,a524558d8c67f4e0116d63123b26e426,Cincinnati Reds at Chicago Cubs,BetRivers,Chicago Cubs,Cincinnati Reds,,,-177,143,2026-05-06T23:34:17Z
mlb,spreads,a524558d8c67f4e0116d63123b26e426,Cincinnati Reds at Chicago Cubs,BetRivers,Chicago Cubs,Cincinnati Reds,-1.5,1.5,132,-165,2026-05-06T23:34:17Z
mlb,totals,a524558d8c67f4e0116d63123b26e426,Cincinnati Reds at Chicago Cubs,BetRivers,Over,Under,8.0,8.0,-112,-112,2026-05-06T23:34:17Z
mlb,h2h,a524558d8c67f4e0116d63123b26e426,Cincinnati Reds at Chicago Cubs,BetMGM,Chicago Cubs,Cincinnati Reds,,,-175,145,2026-05-06T23:33:05Z
mlb,spreads,a524558d8c67f4e0116d63123b26e426,Cincinnati Reds at Chicago Cubs,BetMGM,Chicago Cubs,Cincinnati Reds,-1.5,1.5,125,-150,2026-05-06T23:33:05Z
mlb,totals,a524558d8c67f4e0116d63123b26e426,Cincinnati Reds at Chicago Cubs,BetMGM,Over,Under,8.0,8.0,-115,-105,2026-05-06T23:33:05Z
mlb,h2h,a524558d8c67f4e0116d63123b26e426,Cincinnati Reds at Chicago Cubs,Bovada,Chicago Cubs,Cincinnati Reds,,,-164,138,2026-05-06T23:33:41Z
mlb,spreads,a524558d8c67f4e0116d63123b26e426,Cincinnati Reds at Chicago Cubs,Bovada,Chicago Cubs,Cincinnati Reds,-1.5,1.5,130,-150,2026-05-06T23:33:41Z
mlb,totals,a524558d8c67f4e0116d63123b26e426,Cincinnati Reds at Chicago Cubs,Bovada,Over,Under,8.0,8.0,-115,-105,2026-05-06T23:33:41Z
mlb,h2h,30d2a93f1ca79f37c19806e74ed1cdab,Cleveland Guardians at Kansas City Royals,FanDuel,Cleveland Guardians,Kansas City Royals,,,116,-134,2026-05-06T23:34:18Z
mlb,spreads,30d2a93f1ca79f37c19806e74ed1cdab,Cleveland Guardians at Kansas City Royals,FanDuel,Cleveland Guardians,Kansas City Royals,1.5,-1.5,-192,158,2026-05-06T23:34:18Z
mlb,totals,30d2a93f1ca79f37c19806e74ed1cdab,Cleveland Guardians at Kansas City Royals,FanDuel,Over,Under,7.5,7.5,-104,-118,2026-05-06T23:34:18Z
mlb,h2h,30d2a93f1ca79f37c19806e74ed1cdab,Cleveland Guardians at Kansas City Royals,BetOnline.ag,Cleveland Guardians,Kansas City Royals,,,123,-136,2026-05-06T23:33:44Z
mlb,spreads,30d2a93f1ca79f37c19806e74ed1cdab,Cleveland Guardians at Kansas City Royals,BetOnline.ag,Cleveland Guardians,Kansas City Royals,1.5,-1.5,-182,159,2026-05-06T23:33:44Z
mlb,totals,30d2a93f1ca79f37c19806e74ed1cdab,Cleveland Guardians at Kansas City Royals,BetOnline.ag,Over,Under,7.5,7.5,105,-125,2026-05-06T23:33:44Z
mlb,h2h,30d2a93f1ca79f37c19806e74ed1cdab,Cleveland Guardians at Kansas City Royals,LowVig.ag,Cleveland Guardians,Kansas City Royals,,,123,-136,2026-05-06T23:33:42Z
mlb,spreads,30d2a93f1ca79f37c19806e74ed1cdab,Cleveland Guardians at Kansas City Royals,LowVig.ag,Cleveland Guardians,Kansas City Royals,1.5,-1.5,-182,160,2026-05-06T23:33:42Z
mlb,totals,30d2a93f1ca79f37c19806e74ed1cdab,Cleveland Guardians at Kansas City Royals,LowVig.ag,Over,Under,7.5,7.5,107,-123,2026-05-06T23:33:42Z
mlb,h2h,30d2a93f1ca79f37c19806e74ed1cdab,Cleveland Guardians at Kansas City Royals,MyBookie.ag,Cleveland Guardians,Kansas City Royals,,,120,-141,2026-05-06T23:33:05Z
mlb,spreads,30d2a93f1ca79f37c19806e74ed1cdab,Cleveland Guardians at Kansas City Royals,MyBookie.ag,Cleveland Guardians,Kansas City Royals,1.5,-1.5,-189,161,2026-05-06T23:33:05Z
mlb,totals,30d2a93f1ca79f37c19806e74ed1cdab,Cleveland Guardians at Kansas City Royals,MyBookie.ag,Over,Under,7.5,7.5,-106,-115,2026-05-06T23:33:05Z
mlb,h2h,30d2a93f1ca79f37c19806e74ed1cdab,Cleveland Guardians at Kansas City Royals,DraftKings,Cleveland Guardians,Kansas City Royals,,,117,-141,2026-05-06T23:34:18Z
mlb,spreads,30d2a93f1ca79f37c19806e74ed1cdab,Cleveland Guardians at Kansas City Royals,DraftKings,Cleveland Guardians,Kansas City Royals,1.5,-1.5,-188,155,2026-05-06T23:34:18Z
mlb,totals,30d2a93f1ca79f37c19806e74ed1cdab,Cleveland Guardians at Kansas City Royals,DraftKings,Over,Under,7.5,7.5,-102,-118,2026-05-06T23:34:18Z
mlb,h2h,30d2a93f1ca79f37c19806e74ed1cdab,Cleveland Guardians at Kansas City Royals,BetUS,Cleveland Guardians,Kansas City Royals,,,122,-135,2026-05-06T23:34:01Z
mlb,spreads,30d2a93f1ca79f37c19806e74ed1cdab,Cleveland Guardians at Kansas City Royals,BetUS,Cleveland Guardians,Kansas City Royals,1.5,-1.5,-180,156,2026-05-06T23:34:01Z
mlb,totals,30d2a93f1ca79f37c19806e74ed1cdab,Cleveland Guardians at Kansas City Royals,BetUS,Over,Under,7.5,7.5,105,-125,2026-05-06T23:34:01Z
mlb,h2h,30d2a93f1ca79f37c19806e74ed1cdab,Cleveland Guardians at Kansas City Royals,Bovada,Cleveland Guardians,Kansas City Royals,,,120,-143,2026-05-06T23:33:41Z
mlb,spreads,30d2a93f1ca79f37c19806e74ed1cdab,Cleveland Guardians at Kansas City Royals,Bovada,Cleveland Guardians,Kansas City Royals,1.5,-1.5,-185,160,2026-05-06T23:33:41Z
mlb,totals,30d2a93f1ca79f37c19806e74ed1cdab,Cleveland Guardians at Kansas City Royals,Bovada,Over,Under,7.5,7.5,100,-120,2026-05-06T23:33:41Z
mlb,h2h,30d2a93f1ca79f37c19806e74ed1cdab,Cleveland Guardians at Kansas City Royals,BetRivers,Cleveland Guardians,Kansas City Royals,,,116,-143,2026-05-06T23:34:17Z
mlb,spreads,30d2a93f1ca79f37c19806e74ed1cdab,Cleveland Guardians at Kansas City Royals,BetRivers,Cleveland Guardians,Kansas City Royals,1.5,-1.5,-190,150,2026-05-06T23:34:17Z
mlb,totals,30d2a93f1ca79f37c19806e74ed1cdab,Cleveland Guardians at Kansas City Royals,BetRivers,Over,Under,7.5,7.5,-105,-120,2026-05-06T23:34:17Z
mlb,h2h,30d2a93f1ca79f37c19806e74ed1cdab,Cleveland Guardians at Kansas City Royals,BetMGM,Cleveland Guardians,Kansas City Royals,,,115,-135,2026-05-06T23:33:05Z
mlb,spreads,30d2a93f1ca79f37c19806e74ed1cdab,Cleveland Guardians at Kansas City Royals,BetMGM,Cleveland Guardians,Kansas City Royals,1.5,-1.5,-190,155,2026-05-06T23:33:05Z
mlb,totals,30d2a93f1ca79f37c19806e74ed1cdab,Cleveland Guardians at Kansas City Royals,BetMGM,Over,Under,7.5,7.5,-105,-115,2026-05-06T23:33:05Z
mlb,h2h,3d9ff7b926b247cb73447ca5c7a7428e,New York Mets at Colorado Rockies,FanDuel,Colorado Rockies,New York Mets,,,134,-158,2026-05-06T23:34:18Z
mlb,spreads,3d9ff7b926b247cb73447ca5c7a7428e,New York Mets at Colorado Rockies,FanDuel,Colorado Rockies,New York Mets,1.5,-1.5,-118,-102,2026-05-06T23:34:18Z
mlb,totals,3d9ff7b926b247cb73447ca5c7a7428e,New York Mets at Colorado Rockies,FanDuel,Over,Under,9.5,9.5,-110,-110,2026-05-06T23:34:18Z
mlb,h2h,3d9ff7b926b247cb73447ca5c7a7428e,New York Mets at Colorado Rockies,BetRivers,Colorado Rockies,New York Mets,,,138,-177,2026-05-06T23:34:17Z
mlb,spreads,3d9ff7b926b247cb73447ca5c7a7428e,New York Mets at Colorado Rockies,BetRivers,Colorado Rockies,New York Mets,1.5,-1.5,-115,-108,2026-05-06T23:34:17Z
mlb,totals,3d9ff7b926b247cb73447ca5c7a7428e,New York Mets at Colorado Rockies,BetRivers,Over,Under,9.5,9.5,-113,-110,2026-05-06T23:34:17Z
mlb,h2h,3d9ff7b926b247cb73447ca5c7a7428e,New York Mets at Colorado Rockies,BetOnline.ag,Colorado Rockies,New York Mets,,,134,-148,2026-05-06T23:33:44Z
mlb,spreads,3d9ff7b926b247cb73447ca5c7a7428e,New York Mets at Colorado Rockies,BetOnline.ag,Colorado Rockies,New York Mets,1.5,-1.5,-125,105,2026-05-06T23:33:44Z
mlb,totals,3d9ff7b926b247cb73447ca5c7a7428e,New York Mets at Colorado Rockies,BetOnline.ag,Over,Under,9.5,9.5,-107,-113,2026-05-06T23:33:44Z
mlb,h2h,3d9ff7b926b247cb73447ca5c7a7428e,New York Mets at Colorado Rockies,LowVig.ag,Colorado Rockies,New York Mets,,,134,-148,2026-05-06T23:33:42Z
mlb,spreads,3d9ff7b926b247cb73447ca5c7a7428e,New York Mets at Colorado Rockies,LowVig.ag,Colorado Rockies,New York Mets,1.5,-1.5,-122,108,2026-05-06T23:33:42Z
mlb,totals,3d9ff7b926b247cb73447ca5c7a7428e,New York Mets at Colorado Rockies,LowVig.ag,Over,Under,9.5,9.5,-104,-110,2026-05-06T23:33:42Z
mlb,h2h,3d9ff7b926b247cb73447ca5c7a7428e,New York Mets at Colorado Rockies,BetMGM,Colorado Rockies,New York Mets,,,135,-160,2026-05-06T23:33:05Z
mlb,spreads,3d9ff7b926b247cb73447ca5c7a7428e,New York Mets at Colorado Rockies,BetMGM,Colorado Rockies,New York Mets,1.5,-1.5,-120,100,2026-05-06T23:33:05Z
mlb,totals,3d9ff7b926b247cb73447ca5c7a7428e,New York Mets at Colorado Rockies,BetMGM,Over,Under,9.5,9.5,-110,-110,2026-05-06T23:33:05Z
mlb,h2h,3d9ff7b926b247cb73447ca5c7a7428e,New York Mets at Colorado Rockies,DraftKings,Colorado Rockies,New York Mets,,,133,-161,2026-05-06T23:34:18Z
mlb,spreads,3d9ff7b926b247cb73447ca5c7a7428e,New York Mets at Colorado Rockies,DraftKings,Colorado Rockies,New York Mets,1.5,-1.5,-123,102,2026-05-06T23:34:18Z
mlb,totals,3d9ff7b926b247cb73447ca5c7a7428e,New York Mets at Colorado Rockies,DraftKings,Over,Under,9.5,9.5,-105,-115,2026-05-06T23:34:18Z
mlb,h2h,3d9ff7b926b247cb73447ca5c7a7428e,New York Mets at Colorado Rockies,Bovada,Colorado Rockies,New York Mets,,,131,-157,2026-05-06T23:33:41Z
mlb,spreads,3d9ff7b926b247cb73447ca5c7a7428e,New York Mets at Colorado Rockies,Bovada,Colorado Rockies,New York Mets,1.5,-1.5,-120,100,2026-05-06T23:33:41Z
mlb,totals,3d9ff7b926b247cb73447ca5c7a7428e,New York Mets at Colorado Rockies,Bovada,Over,Under,9.5,9.5,100,-120,2026-05-06T23:33:41Z
mlb,h2h,3d9ff7b926b247cb73447ca5c7a7428e,New York Mets at Colorado Rockies,MyBookie.ag,Colorado Rockies,New York Mets,,,134,-159,2026-05-06T23:33:05Z
mlb,spreads,3d9ff7b926b247cb73447ca5c7a7428e,New York Mets at Colorado Rockies,MyBookie.ag,Colorado Rockies,New York Mets,1.5,-1.5,-120,100,2026-05-06T23:33:05Z
mlb,totals,3d9ff7b926b247cb73447ca5c7a7428e,New York Mets at Colorado Rockies,MyBookie.ag,Over,Under,9.5,9.5,-106,-115,2026-05-06T23:33:05Z
mlb,h2h,3d9ff7b926b247cb73447ca5c7a7428e,New York Mets at Colorado Rockies,BetUS,Colorado Rockies,New York Mets,,,134,-150,2026-05-06T23:34:01Z
mlb,spreads,3d9ff7b926b247cb73447ca5c7a7428e,New York Mets at Colorado Rockies,BetUS,Colorado Rockies,New York Mets,1.5,-1.5,-120,100,2026-05-06T23:34:01Z
mlb,totals,3d9ff7b926b247cb73447ca5c7a7428e,New York Mets at Colorado Rockies,BetUS,Over,Under,9.5,9.5,-105,-115,2026-05-06T23:34:01Z
mlb,h2h,de899b461227924fc52c2f9492e9fe56,Pittsburgh Pirates at Arizona Diamondbacks,FanDuel,Arizona Diamondbacks,Pittsburgh Pirates,,,110,-130,2026-05-06T23:34:18Z
mlb,spreads,de899b461227924fc52c2f9492e9fe56,Pittsburgh Pirates at Arizona Diamondbacks,FanDuel,Arizona Diamondbacks,Pittsburgh Pirates,1.5,-1.5,-160,132,2026-05-06T23:34:18Z
mlb,totals,de899b461227924fc52c2f9492e9fe56,Pittsburgh Pirates at Arizona Diamondbacks,FanDuel,Over,Under,8.0,8.0,-105,-115,2026-05-06T23:34:18Z
mlb,h2h,de899b461227924fc52c2f9492e9fe56,Pittsburgh Pirates at Arizona Diamondbacks,BetOnline.ag,Arizona Diamondbacks,Pittsburgh Pirates,,,111,-122,2026-05-06T23:33:44Z
mlb,spreads,de899b461227924fc52c2f9492e9fe56,Pittsburgh Pirates at Arizona Diamondbacks,BetOnline.ag,Arizona Diamondbacks,Pittsburgh Pirates,1.5,-1.5,-157,137,2026-05-06T23:33:44Z
mlb,totals,de899b461227924fc52c2f9492e9fe56,Pittsburgh Pirates at Arizona Diamondbacks,BetOnline.ag,Over,Under,7.5,7.5,-123,103,2026-05-06T23:33:44Z
mlb,h2h,de899b461227924fc52c2f9492e9fe56,Pittsburgh Pirates at Arizona Diamondbacks,LowVig.ag,Arizona Diamondbacks,Pittsburgh Pirates,,,111,-122,2026-05-06T23:33:42Z
mlb,spreads,de899b461227924fc52c2f9492e9fe56,Pittsburgh Pirates at Arizona Diamondbacks,LowVig.ag,Arizona Diamondbacks,Pittsburgh Pirates,1.5,-1.5,-156,138,2026-05-06T23:33:42Z
mlb,totals,de899b461227924fc52c2f9492e9fe56,Pittsburgh Pirates at Arizona Diamondbacks,LowVig.ag,Over,Under,7.5,7.5,-121,106,2026-05-06T23:33:42Z
mlb,h2h,de899b461227924fc52c2f9492e9fe56,Pittsburgh Pirates at Arizona Diamondbacks,MyBookie.ag,Arizona Diamondbacks,Pittsburgh Pirates,,,110,-130,2026-05-06T23:33:05Z
mlb,spreads,de899b461227924fc52c2f9492e9fe56,Pittsburgh Pirates at Arizona Diamondbacks,MyBookie.ag,Arizona Diamondbacks,Pittsburgh Pirates,1.5,-1.5,-146,127,2026-05-06T23:33:05Z
mlb,totals,de899b461227924fc52c2f9492e9fe56,Pittsburgh Pirates at Arizona Diamondbacks,MyBookie.ag,Over,Under,8.0,8.0,-108,-114,2026-05-06T23:33:05Z
mlb,h2h,de899b461227924fc52c2f9492e9fe56,Pittsburgh Pirates at Arizona Diamondbacks,DraftKings,Arizona Diamondbacks,Pittsburgh Pirates,,,109,-132,2026-05-06T23:34:18Z
mlb,spreads,de899b461227924fc52c2f9492e9fe56,Pittsburgh Pirates at Arizona Diamondbacks,DraftKings,Arizona Diamondbacks,Pittsburgh Pirates,1.5,-1.5,-164,135,2026-05-06T23:34:18Z
mlb,totals,de899b461227924fc52c2f9492e9fe56,Pittsburgh Pirates at Arizona Diamondbacks,DraftKings,Over,Under,7.5,7.5,-115,-105,2026-05-06T23:34:18Z
mlb,h2h,de899b461227924fc52c2f9492e9fe56,Pittsburgh Pirates at Arizona Diamondbacks,BetRivers,Arizona Diamondbacks,Pittsburgh Pirates,,,116,-143,2026-05-06T23:34:17Z
mlb,spreads,de899b461227924fc52c2f9492e9fe56,Pittsburgh Pirates at Arizona Diamondbacks,BetRivers,Arizona Diamondbacks,Pittsburgh Pirates,1.5,-1.5,-150,120,2026-05-06T23:34:17Z
mlb,totals,de899b461227924fc52c2f9492e9fe56,Pittsburgh Pirates at Arizona Diamondbacks,BetRivers,Over,Under,7.5,7.5,-114,-109,2026-05-06T23:34:17Z
mlb,h2h,de899b461227924fc52c2f9492e9fe56,Pittsburgh Pirates at Arizona Diamondbacks,BetMGM,Arizona Diamondbacks,Pittsburgh Pirates,,,110,-130,2026-05-06T23:33:05Z
mlb,spreads,de899b461227924fc52c2f9492e9fe56,Pittsburgh Pirates at Arizona Diamondbacks,BetMGM,Arizona Diamondbacks,Pittsburgh Pirates,1.5,-1.5,-155,130,2026-05-06T23:33:05Z
mlb,totals,de899b461227924fc52c2f9492e9fe56,Pittsburgh Pirates at Arizona Diamondbacks,BetMGM,Over,Under,7.5,7.5,-118,-102,2026-05-06T23:33:05Z
mlb,h2h,de899b461227924fc52c2f9492e9fe56,Pittsburgh Pirates at Arizona Diamondbacks,BetUS,Arizona Diamondbacks,Pittsburgh Pirates,,,110,-121,2026-05-06T23:34:01Z
mlb,spreads,de899b461227924fc52c2f9492e9fe56,Pittsburgh Pirates at Arizona Diamondbacks,BetUS,Arizona Diamondbacks,Pittsburgh Pirates,1.5,-1.5,-155,135,2026-05-06T23:34:01Z
mlb,totals,de899b461227924fc52c2f9492e9fe56,Pittsburgh Pirates at Arizona Diamondbacks,BetUS,Over,Under,8.0,8.0,-105,-115,2026-05-06T23:34:01Z
mlb,h2h,de899b461227924fc52c2f9492e9fe56,Pittsburgh Pirates at Arizona Diamondbacks,Bovada,Arizona Diamondbacks,Pittsburgh Pirates,,,107,-128,2026-05-06T23:33:41Z
mlb,spreads,de899b461227924fc52c2f9492e9fe56,Pittsburgh Pirates at Arizona Diamondbacks,Bovada,Arizona Diamondbacks,Pittsburgh Pirates,1.5,-1.5,-150,130,2026-05-06T23:33:41Z
mlb,totals,de899b461227924fc52c2f9492e9fe56,Pittsburgh Pirates at Arizona Diamondbacks,Bovada,Over,Under,8.0,8.0,-105,-115,2026-05-06T23:33:41Z
mlb,h2h,1c3063ee80bf14181773650f89724edd,Texas Rangers at New York Yankees,FanDuel,New York Yankees,Texas Rangers,,,-188,158,2026-05-06T23:34:18Z
mlb,spreads,1c3063ee80bf14181773650f89724edd,Texas Rangers at New York Yankees,FanDuel,New York Yankees,Texas Rangers,-1.5,1.5,112,-134,2026-05-06T23:34:18Z
mlb,totals,1c3063ee80bf14181773650f89724edd,Texas Rangers at New York Yankees,FanDuel,Over,Under,8.0,8.0,-110,-110,2026-05-06T23:34:18Z
mlb,h2h,1c3063ee80bf14181773650f89724edd,Texas Rangers at New York Yankees,LowVig.ag,New York Yankees,Texas Rangers,,,-180,162,2026-05-06T23:33:42Z
mlb,totals,1c3063ee80bf14181773650f89724edd,Texas Rangers at New York Yankees,LowVig.ag,Over,Under,8.5,8.5,103,-118,2026-05-06T23:33:42Z
mlb,h2h,1c3063ee80bf14181773650f89724edd,Texas Rangers at New York Yankees,BetOnline.ag,New York Yankees,Texas Rangers,,,-180,162,2026-05-06T23:33:44Z
mlb,totals,1c3063ee80bf14181773650f89724edd,Texas Rangers at New York Yankees,BetOnline.ag,Over,Under,8.5,8.5,100,-120,2026-05-06T23:33:44Z
mlb,h2h,1c3063ee80bf14181773650f89724edd,Texas Rangers at New York Yankees,DraftKings,New York Yankees,Texas Rangers,,,-194,159,2026-05-06T23:34:18Z
mlb,spreads,1c3063ee80bf14181773650f89724edd,Texas Rangers at New York Yankees,DraftKings,New York Yankees,Texas Rangers,-1.5,1.5,113,-136,2026-05-06T23:34:18Z
mlb,totals,1c3063ee80bf14181773650f89724edd,Texas Rangers at New York Yankees,DraftKings,Over,Under,8.0,8.0,-119,-101,2026-05-06T23:34:18Z
mlb,h2h,1c3063ee80bf14181773650f89724edd,Texas Rangers at New York Yankees,BetMGM,New York Yankees,Texas Rangers,,,-200,165,2026-05-06T23:33:05Z
mlb,spreads,1c3063ee80bf14181773650f89724edd,Texas Rangers at New York Yankees,BetMGM,New York Yankees,Texas Rangers,-1.5,1.5,110,-130,2026-05-06T23:33:05Z
mlb,totals,1c3063ee80bf14181773650f89724edd,Texas Rangers at New York Yankees,BetMGM,Over,Under,8.0,8.0,-115,-105,2026-05-06T23:33:05Z
mlb,h2h,1c3063ee80bf14181773650f89724edd,Texas Rangers at New York Yankees,Bovada,New York Yankees,Texas Rangers,,,-198,163,2026-05-06T23:33:41Z
mlb,spreads,1c3063ee80bf14181773650f89724edd,Texas Rangers at New York Yankees,Bovada,New York Yankees,Texas Rangers,-1.5,1.5,110,-130,2026-05-06T23:33:41Z
mlb,totals,1c3063ee80bf14181773650f89724edd,Texas Rangers at New York Yankees,Bovada,Over,Under,8.0,8.0,-115,-105,2026-05-06T23:33:41Z
mlb,h2h,ba055e6ad1137117eef850d15d9c8c97,Minnesota Twins at Washington Nationals,FanDuel,Minnesota Twins,Washington Nationals,,,-112,-104,2026-05-06T23:34:18Z
mlb,spreads,ba055e6ad1137117eef850d15d9c8c97,Minnesota Twins at Washington Nationals,FanDuel,Minnesota Twins,Washington Nationals,-1.5,1.5,146,-176,2026-05-06T23:34:18Z
mlb,totals,ba055e6ad1137117eef850d15d9c8c97,Minnesota Twins at Washington Nationals,FanDuel,Over,Under,9.0,9.0,-105,-115,2026-05-06T23:34:18Z
mlb,h2h,ba055e6ad1137117eef850d15d9c8c97,Minnesota Twins at Washington Nationals,BetOnline.ag,Minnesota Twins,Washington Nationals,,,-107,-103,2026-05-06T23:33:44Z
mlb,totals,ba055e6ad1137117eef850d15d9c8c97,Minnesota Twins at Washington Nationals,BetOnline.ag,Over,Under,9.0,9.0,-110,-110,2026-05-06T23:33:44Z
mlb,h2h,ba055e6ad1137117eef850d15d9c8c97,Minnesota Twins at Washington Nationals,LowVig.ag,Minnesota Twins,Washington Nationals,,,-107,-103,2026-05-06T23:33:42Z
mlb,totals,ba055e6ad1137117eef850d15d9c8c97,Minnesota Twins at Washington Nationals,LowVig.ag,Over,Under,9.0,9.0,-107,-107,2026-05-06T23:33:42Z
mlb,h2h,ba055e6ad1137117eef850d15d9c8c97,Minnesota Twins at Washington Nationals,DraftKings,Minnesota Twins,Washington Nationals,,,-110,-110,2026-05-06T23:34:18Z
mlb,spreads,ba055e6ad1137117eef850d15d9c8c97,Minnesota Twins at Washington Nationals,DraftKings,Minnesota Twins,Washington Nationals,-1.5,1.5,149,-181,2026-05-06T23:34:18Z
mlb,totals,ba055e6ad1137117eef850d15d9c8c97,Minnesota Twins at Washington Nationals,DraftKings,Over,Under,9.0,9.0,-110,-110,2026-05-06T23:34:18Z
mlb,h2h,ba055e6ad1137117eef850d15d9c8c97,Minnesota Twins at Washington Nationals,BetMGM,Minnesota Twins,Washington Nationals,,,-110,-110,2026-05-06T23:33:05Z
mlb,spreads,ba055e6ad1137117eef850d15d9c8c97,Minnesota Twins at Washington Nationals,BetMGM,Minnesota Twins,Washington Nationals,-1.5,1.5,150,-185,2026-05-06T23:33:05Z
mlb,totals,ba055e6ad1137117eef850d15d9c8c97,Minnesota Twins at Washington Nationals,BetMGM,Over,Under,9.0,9.0,-110,-110,2026-05-06T23:33:05Z
mlb,h2h,ba055e6ad1137117eef850d15d9c8c97,Minnesota Twins at Washington Nationals,Bovada,Minnesota Twins,Washington Nationals,,,-110,-110,2026-05-06T23:33:41Z
mlb,spreads,ba055e6ad1137117eef850d15d9c8c97,Minnesota Twins at Washington Nationals,Bovada,Minnesota Twins,Washington Nationals,-1.5,1.5,150,-175,2026-05-06T23:33:41Z
mlb,totals,ba055e6ad1137117eef850d15d9c8c97,Minnesota Twins at Washington Nationals,Bovada,Over,Under,9.0,9.0,-110,-110,2026-05-06T23:33:41Z
mlb,h2h,6ea660d6d55e2a5168fd92eb01e16b87,Cleveland Guardians at Kansas City Royals,FanDuel,Cleveland Guardians,Kansas City Royals,,,124,-146,2026-05-06T23:34:18Z
mlb,spreads,6ea660d6d55e2a5168fd92eb01e16b87,Cleveland Guardians at Kansas City Royals,FanDuel,Cleveland Guardians,Kansas City Royals,1.5,-1.5,-160,132,2026-05-06T23:34:18Z
mlb,totals,6ea660d6d55e2a5168fd92eb01e16b87,Cleveland Guardians at Kansas City Royals,FanDuel,Over,Under,9.0,9.0,-115,-105,2026-05-06T23:34:18Z
mlb,h2h,6ea660d6d55e2a5168fd92eb01e16b87,Cleveland Guardians at Kansas City Royals,BetOnline.ag,Cleveland Guardians,Kansas City Royals,,,124,-137,2026-05-06T23:33:44Z
mlb,totals,6ea660d6d55e2a5168fd92eb01e16b87,Cleveland Guardians at Kansas City Royals,BetOnline.ag,Over,Under,9.0,9.0,-110,-110,2026-05-06T23:33:44Z
mlb,h2h,6ea660d6d55e2a5168fd92eb01e16b87,Cleveland Guardians at Kansas City Royals,LowVig.ag,Cleveland Guardians,Kansas City Royals,,,124,-137,2026-05-06T23:33:42Z
mlb,totals,6ea660d6d55e2a5168fd92eb01e16b87,Cleveland Guardians at Kansas City Royals,LowVig.ag,Over,Under,9.0,9.0,-107,-107,2026-05-06T23:33:42Z
mlb,h2h,6ea660d6d55e2a5168fd92eb01e16b87,Cleveland Guardians at Kansas City Royals,DraftKings,Cleveland Guardians,Kansas City Royals,,,119,-143,2026-05-06T23:34:18Z
mlb,spreads,6ea660d6d55e2a5168fd92eb01e16b87,Cleveland Guardians at Kansas City Royals,DraftKings,Cleveland Guardians,Kansas City Royals,1.5,-1.5,-171,141,2026-05-06T23:34:18Z
mlb,totals,6ea660d6d55e2a5168fd92eb01e16b87,Cleveland Guardians at Kansas City Royals,DraftKings,Over,Under,9.0,9.0,-112,-108,2026-05-06T23:34:18Z
mlb,h2h,6ea660d6d55e2a5168fd92eb01e16b87,Cleveland Guardians at Kansas City Royals,BetMGM,Cleveland Guardians,Kansas City Royals,,,120,-145,2026-05-06T23:33:05Z
mlb,spreads,6ea660d6d55e2a5168fd92eb01e16b87,Cleveland Guardians at Kansas City Royals,BetMGM,Cleveland Guardians,Kansas City Royals,1.5,-1.5,-175,145,2026-05-06T23:33:05Z
mlb,totals,6ea660d6d55e2a5168fd92eb01e16b87,Cleveland Guardians at Kansas City Royals,BetMGM,Over,Under,9.0,9.0,-115,-105,2026-05-06T23:33:05Z
mlb,h2h,6ea660d6d55e2a5168fd92eb01e16b87,Cleveland Guardians at Kansas City Royals,Bovada,Cleveland Guardians,Kansas City Royals,,,119,-142,2026-05-06T23:33:41Z
mlb,spreads,6ea660d6d55e2a5168fd92eb01e16b87,Cleveland Guardians at Kansas City Royals,Bovada,Cleveland Guardians,Kansas City Royals,1.5,-1.5,-170,145,2026-05-06T23:33:41Z
mlb,totals,6ea660d6d55e2a5168fd92eb01e16b87,Cleveland Guardians at Kansas City Royals,Bovada,Over,Under,9.0,9.0,-115,-105,2026-05-06T23:33:41Z
mlb,h2h,d995ce8d9df4c182c1ecade37bac292d,Cincinnati Reds at Chicago Cubs,FanDuel,Chicago Cubs,Cincinnati Reds,,,-205,172,2026-05-06T23:34:18Z
mlb,spreads,d995ce8d9df4c182c1ecade37bac292d,Cincinnati Reds at Chicago Cubs,FanDuel,Chicago Cubs,Cincinnati Reds,-1.5,1.5,104,-125,2026-05-06T23:34:18Z
mlb,totals,d995ce8d9df4c182c1ecade37bac292d,Cincinnati Reds at Chicago Cubs,FanDuel,Over,Under,8.5,8.5,-122,100,2026-05-06T23:34:18Z
mlb,h2h,d995ce8d9df4c182c1ecade37bac292d,Cincinnati Reds at Chicago Cubs,BetOnline.ag,Chicago Cubs,Cincinnati Reds,,,-180,162,2026-05-06T23:33:44Z
mlb,h2h,d995ce8d9df4c182c1ecade37bac292d,Cincinnati Reds at Chicago Cubs,LowVig.ag,Chicago Cubs,Cincinnati Reds,,,-180,162,2026-05-06T23:33:42Z
mlb,h2h,d995ce8d9df4c182c1ecade37bac292d,Cincinnati Reds at Chicago Cubs,Bovada,Chicago Cubs,Cincinnati Reds,,,-196,161,2026-05-06T23:33:41Z
mlb,h2h,d995ce8d9df4c182c1ecade37bac292d,Cincinnati Reds at Chicago Cubs,BetMGM,Chicago Cubs,Cincinnati Reds,,,-200,165,2026-05-06T23:33:05Z
mlb,h2h,db06eeec096bc60532c3b1aa5d4235a0,New York Mets at Colorado Rockies,FanDuel,Colorado Rockies,New York Mets,,,122,-144,2026-05-06T23:34:18Z
mlb,spreads,db06eeec096bc60532c3b1aa5d4235a0,New York Mets at Colorado Rockies,FanDuel,Colorado Rockies,New York Mets,1.5,-1.5,-130,108,2026-05-06T23:34:18Z
mlb,totals,db06eeec096bc60532c3b1aa5d4235a0,New York Mets at Colorado Rockies,FanDuel,Over,Under,11.0,11.0,100,-122,2026-05-06T23:34:18Z
mlb,h2h,db06eeec096bc60532c3b1aa5d4235a0,New York Mets at Colorado Rockies,BetOnline.ag,Colorado Rockies,New York Mets,,,127,-140,2026-05-06T23:33:44Z
mlb,totals,db06eeec096bc60532c3b1aa5d4235a0,New York Mets at Colorado Rockies,BetOnline.ag,Over,Under,11.0,11.0,105,-125,2026-05-06T23:33:44Z
mlb,h2h,db06eeec096bc60532c3b1aa5d4235a0,New York Mets at Colorado Rockies,LowVig.ag,Colorado Rockies,New York Mets,,,127,-140,2026-05-06T23:33:42Z
mlb,totals,db06eeec096bc60532c3b1aa5d4235a0,New York Mets at Colorado Rockies,LowVig.ag,Over,Under,11.0,11.0,107,-123,2026-05-06T23:33:42Z
mlb,h2h,db06eeec096bc60532c3b1aa5d4235a0,New York Mets at Colorado Rockies,DraftKings,Colorado Rockies,New York Mets,,,123,-149,2026-05-06T23:34:18Z
mlb,spreads,db06eeec096bc60532c3b1aa5d4235a0,New York Mets at Colorado Rockies,DraftKings,Colorado Rockies,New York Mets,1.5,-1.5,-122,102,2026-05-06T23:34:18Z
mlb,totals,db06eeec096bc60532c3b1aa5d4235a0,New York Mets at Colorado Rockies,DraftKings,Over,Under,11.0,11.0,100,-120,2026-05-06T23:34:18Z
mlb,h2h,db06eeec096bc60532c3b1aa5d4235a0,New York Mets at Colorado Rockies,Bovada,Colorado Rockies,New York Mets,,,126,-150,2026-05-06T23:33:41Z
mlb,spreads,db06eeec096bc60532c3b1aa5d4235a0,New York Mets at Colorado Rockies,Bovada,Colorado Rockies,New York Mets,1.5,-1.5,-120,100,2026-05-06T23:33:41Z
mlb,totals,db06eeec096bc60532c3b1aa5d4235a0,New York Mets at Colorado Rockies,Bovada,Over,Under,10.5,10.5,-120,100,2026-05-06T23:33:41Z
mlb,h2h,db06eeec096bc60532c3b1aa5d4235a0,New York Mets at Colorado Rockies,BetMGM,Colorado Rockies,New York Mets,,,125,-150,2026-05-06T23:33:05Z
mlb,spreads,db06eeec096bc60532c3b1aa5d4235a0,New York Mets at Colorado Rockies,BetMGM,Colorado Rockies,New York Mets,1.5,-1.5,-120,100,2026-05-06T23:33:05Z
mlb,totals,db06eeec096bc60532c3b1aa5d4235a0,New York Mets at Colorado Rockies,BetMGM,Over,Under,10.5,10.5,-120,100,2026-05-06T23:33:05Z
mlb,h2h,4d8a7d6f10d4e381df3410c93345b071,Pittsburgh Pirates at Arizona Diamondbacks,FanDuel,Arizona Diamondbacks,Pittsburgh Pirates,,,-104,-112,2026-05-06T23:34:18Z
mlb,spreads,4d8a7d6f10d4e381df3410c93345b071,Pittsburgh Pirates at Arizona Diamondbacks,FanDuel,Arizona Diamondbacks,Pittsburgh Pirates,1.5,-1.5,-172,142,2026-05-06T23:34:18Z
mlb,totals,4d8a7d6f10d4e381df3410c93345b071,Pittsburgh Pirates at Arizona Diamondbacks,FanDuel,Over,Under,9.0,9.0,-105,-115,2026-05-06T23:34:18Z
mlb,h2h,4d8a7d6f10d4e381df3410c93345b071,Pittsburgh Pirates at Arizona Diamondbacks,LowVig.ag,Arizona Diamondbacks,Pittsburgh Pirates,,,-106,-104,2026-05-06T23:33:42Z
mlb,totals,4d8a7d6f10d4e381df3410c93345b071,Pittsburgh Pirates at Arizona Diamondbacks,LowVig.ag,Over,Under,9.0,9.0,-107,-107,2026-05-06T23:33:42Z
mlb,h2h,4d8a7d6f10d4e381df3410c93345b071,Pittsburgh Pirates at Arizona Diamondbacks,BetOnline.ag,Arizona Diamondbacks,Pittsburgh Pirates,,,-106,-104,2026-05-06T23:33:44Z
mlb,totals,4d8a7d6f10d4e381df3410c93345b071,Pittsburgh Pirates at Arizona Diamondbacks,BetOnline.ag,Over,Under,9.0,9.0,-110,-110,2026-05-06T23:33:44Z
mlb,h2h,4d8a7d6f10d4e381df3410c93345b071,Pittsburgh Pirates at Arizona Diamondbacks,DraftKings,Arizona Diamondbacks,Pittsburgh Pirates,,,-108,-112,2026-05-06T23:34:18Z
mlb,spreads,4d8a7d6f10d4e381df3410c93345b071,Pittsburgh Pirates at Arizona Diamondbacks,DraftKings,Arizona Diamondbacks,Pittsburgh Pirates,1.5,-1.5,-175,144,2026-05-06T23:34:18Z
mlb,totals,4d8a7d6f10d4e381df3410c93345b071,Pittsburgh Pirates at Arizona Diamondbacks,DraftKings,Over,Under,9.0,9.0,-105,-115,2026-05-06T23:34:18Z
mlb,h2h,4d8a7d6f10d4e381df3410c93345b071,Pittsburgh Pirates at Arizona Diamondbacks,BetMGM,Arizona Diamondbacks,Pittsburgh Pirates,,,-105,-115,2026-05-06T23:33:05Z
mlb,spreads,4d8a7d6f10d4e381df3410c93345b071,Pittsburgh Pirates at Arizona Diamondbacks,BetMGM,Arizona Diamondbacks,Pittsburgh Pirates,1.5,-1.5,-175,145,2026-05-06T23:33:05Z
mlb,totals,4d8a7d6f10d4e381df3410c93345b071,Pittsburgh Pirates at Arizona Diamondbacks,BetMGM,Over,Under,9.0,9.0,-110,-110,2026-05-06T23:33:05Z
mlb,h2h,b24e92041f215692dc57c17a67275bcf,Athletics at Philadelphia Phillies,FanDuel,Athletics,Philadelphia Phillies,,,116,-134,2026-05-06T23:34:18Z
mlb,spreads,b24e92041f215692dc57c17a67275bcf,Athletics at Philadelphia Phillies,FanDuel,Athletics,Philadelphia Phillies,1.5,-1.5,-184,152,2026-05-06T23:34:18Z
mlb,totals,b24e92041f215692dc57c17a67275bcf,Athletics at Philadelphia Phillies,FanDuel,Over,Under,9.0,9.0,-105,-115,2026-05-06T23:34:18Z
mlb,h2h,b24e92041f215692dc57c17a67275bcf,Athletics at Philadelphia Phillies,BetOnline.ag,Athletics,Philadelphia Phillies,,,118,-130,2026-05-06T23:33:44Z
mlb,totals,b24e92041f215692dc57c17a67275bcf,Athletics at Philadelphia Phillies,BetOnline.ag,Over,Under,9.0,9.0,-115,-105,2026-05-06T23:33:44Z
mlb,h2h,b24e92041f215692dc57c17a67275bcf,Athletics at Philadelphia Phillies,LowVig.ag,Athletics,Philadelphia Phillies,,,118,-130,2026-05-06T23:33:42Z
mlb,totals,b24e92041f215692dc57c17a67275bcf,Athletics at Philadelphia Phillies,LowVig.ag,Over,Under,9.0,9.0,-113,-102,2026-05-06T23:33:42Z
mlb,h2h,b24e92041f215692dc57c17a67275bcf,Athletics at Philadelphia Phillies,DraftKings,Athletics,Philadelphia Phillies,,,113,-136,2026-05-06T23:34:18Z
mlb,spreads,b24e92041f215692dc57c17a67275bcf,Athletics at Philadelphia Phillies,DraftKings,Athletics,Philadelphia Phillies,1.5,-1.5,-181,149,2026-05-06T23:34:18Z
mlb,totals,b24e92041f215692dc57c17a67275bcf,Athletics at Philadelphia Phillies,DraftKings,Over,Under,9.0,9.0,-115,-105,2026-05-06T23:34:18Z
mlb,h2h,b24e92041f215692dc57c17a67275bcf,Athletics at Philadelphia Phillies,BetMGM,Athletics,Philadelphia Phillies,,,115,-140,2026-05-06T23:33:05Z
mlb,spreads,b24e92041f215692dc57c17a67275bcf,Athletics at Philadelphia Phillies,BetMGM,Athletics,Philadelphia Phillies,1.5,-1.5,-185,150,2026-05-06T23:33:05Z
mlb,totals,b24e92041f215692dc57c17a67275bcf,Athletics at Philadelphia Phillies,BetMGM,Over,Under,9.0,9.0,-118,-102,2026-05-06T23:33:05Z
mlb,h2h,b24e92041f215692dc57c17a67275bcf,Athletics at Philadelphia Phillies,Bovada,Athletics,Philadelphia Phillies,,,115,-138,2026-05-06T23:33:41Z
mlb,spreads,b24e92041f215692dc57c17a67275bcf,Athletics at Philadelphia Phillies,Bovada,Athletics,Philadelphia Phillies,1.5,-1.5,-175,150,2026-05-06T23:33:41Z
mlb,totals,b24e92041f215692dc57c17a67275bcf,Athletics at Philadelphia Phillies,Bovada,Over,Under,9.0,9.0,-120,100,2026-05-06T23:33:41Z
mlb,h2h,01ce87afc3b701c0bae09b62dc95f87c,Baltimore Orioles at Miami Marlins,FanDuel,Baltimore Orioles,Miami Marlins,,,100,-118,2026-05-06T23:34:18Z
mlb,spreads,01ce87afc3b701c0bae09b62dc95f87c,Baltimore Orioles at Miami Marlins,FanDuel,Baltimore Orioles,Miami Marlins,-1.5,1.5,164,-200,2026-05-06T23:34:18Z
mlb,totals,01ce87afc3b701c0bae09b62dc95f87c,Baltimore Orioles at Miami Marlins,FanDuel,Over,Under,8.5,8.5,-105,-115,2026-05-06T23:34:18Z
mlb,h2h,01ce87afc3b701c0bae09b62dc95f87c,Baltimore Orioles at Miami Marlins,LowVig.ag,Baltimore Orioles,Miami Marlins,,,107,-118,2026-05-06T23:33:42Z
mlb,totals,01ce87afc3b701c0bae09b62dc95f87c,Baltimore Orioles at Miami Marlins,LowVig.ag,Over,Under,8.5,8.5,101,-116,2026-05-06T23:33:42Z
mlb,h2h,01ce87afc3b701c0bae09b62dc95f87c,Baltimore Orioles at Miami Marlins,BetOnline.ag,Baltimore Orioles,Miami Marlins,,,107,-118,2026-05-06T23:33:44Z
mlb,totals,01ce87afc3b701c0bae09b62dc95f87c,Baltimore Orioles at Miami Marlins,BetOnline.ag,Over,Under,8.5,8.5,-102,-118,2026-05-06T23:33:44Z
mlb,h2h,01ce87afc3b701c0bae09b62dc95f87c,Baltimore Orioles at Miami Marlins,DraftKings,Baltimore Orioles,Miami Marlins,,,102,-122,2026-05-06T23:34:18Z
mlb,spreads,01ce87afc3b701c0bae09b62dc95f87c,Baltimore Orioles at Miami Marlins,DraftKings,Baltimore Orioles,Miami Marlins,1.5,-1.5,-192,158,2026-05-06T23:34:18Z
mlb,totals,01ce87afc3b701c0bae09b62dc95f87c,Baltimore Orioles at Miami Marlins,DraftKings,Over,Under,8.5,8.5,-105,-115,2026-05-06T23:34:18Z
mlb,h2h,01ce87afc3b701c0bae09b62dc95f87c,Baltimore Orioles at Miami Marlins,BetMGM,Baltimore Orioles,Miami Marlins,,,105,-125,2026-05-06T23:33:05Z
mlb,spreads,01ce87afc3b701c0bae09b62dc95f87c,Baltimore Orioles at Miami Marlins,BetMGM,Baltimore Orioles,Miami Marlins,-1.5,1.5,170,-210,2026-05-06T23:33:05Z
mlb,totals,01ce87afc3b701c0bae09b62dc95f87c,Baltimore Orioles at Miami Marlins,BetMGM,Over,Under,8.5,8.5,-110,-110,2026-05-06T23:33:05Z
mlb,h2h,01ce87afc3b701c0bae09b62dc95f87c,Baltimore Orioles at Miami Marlins,Bovada,Baltimore Orioles,Miami Marlins,,,104,-124,2026-05-06T23:33:41Z
mlb,spreads,01ce87afc3b701c0bae09b62dc95f87c,Baltimore Orioles at Miami Marlins,Bovada,Baltimore Orioles,Miami Marlins,1.5,-1.5,-200,170,2026-05-06T23:33:41Z
mlb,totals,01ce87afc3b701c0bae09b62dc95f87c,Baltimore Orioles at Miami Marlins,Bovada,Over,Under,8.5,8.5,-110,-110,2026-05-06T23:33:41Z
mlb,h2h,587e3aa8ddaf7a5719f0d0f55b446db9,Tampa Bay Rays at Boston Red Sox,FanDuel,Boston Red Sox,Tampa Bay Rays,,,-116,-102,2026-05-06T23:34:18Z
mlb,spreads,587e3aa8ddaf7a5719f0d0f55b446db9,Tampa Bay Rays at Boston Red Sox,FanDuel,Boston Red Sox,Tampa Bay Rays,1.5,-1.5,-205,168,2026-05-06T23:34:18Z
mlb,totals,587e3aa8ddaf7a5719f0d0f55b446db9,Tampa Bay Rays at Boston Red Sox,FanDuel,Over,Under,8.5,8.5,-105,-115,2026-05-06T23:34:18Z
mlb,h2h,587e3aa8ddaf7a5719f0d0f55b446db9,Tampa Bay Rays at Boston Red Sox,BetOnline.ag,Boston Red Sox,Tampa Bay Rays,,,-120,109,2026-05-06T23:33:44Z
mlb,totals,587e3aa8ddaf7a5719f0d0f55b446db9,Tampa Bay Rays at Boston Red Sox,BetOnline.ag,Over,Under,8.5,8.5,100,-120,2026-05-06T23:33:44Z
mlb,h2h,587e3aa8ddaf7a5719f0d0f55b446db9,Tampa Bay Rays at Boston Red Sox,LowVig.ag,Boston Red Sox,Tampa Bay Rays,,,-120,109,2026-05-06T23:33:42Z
mlb,totals,587e3aa8ddaf7a5719f0d0f55b446db9,Tampa Bay Rays at Boston Red Sox,LowVig.ag,Over,Under,8.5,8.5,103,-118,2026-05-06T23:33:42Z
mlb,h2h,587e3aa8ddaf7a5719f0d0f55b446db9,Tampa Bay Rays at Boston Red Sox,DraftKings,Boston Red Sox,Tampa Bay Rays,,,-122,102,2026-05-06T23:34:18Z
mlb,spreads,587e3aa8ddaf7a5719f0d0f55b446db9,Tampa Bay Rays at Boston Red Sox,DraftKings,Boston Red Sox,Tampa Bay Rays,1.5,-1.5,-194,159,2026-05-06T23:34:18Z
mlb,totals,587e3aa8ddaf7a5719f0d0f55b446db9,Tampa Bay Rays at Boston Red Sox,DraftKings,Over,Under,8.5,8.5,-102,-118,2026-05-06T23:34:18Z
mlb,h2h,587e3aa8ddaf7a5719f0d0f55b446db9,Tampa Bay Rays at Boston Red Sox,BetMGM,Boston Red Sox,Tampa Bay Rays,,,-120,100,2026-05-06T23:33:05Z
mlb,spreads,587e3aa8ddaf7a5719f0d0f55b446db9,Tampa Bay Rays at Boston Red Sox,BetMGM,Boston Red Sox,Tampa Bay Rays,1.5,-1.5,-200,165,2026-05-06T23:33:05Z
mlb,totals,587e3aa8ddaf7a5719f0d0f55b446db9,Tampa Bay Rays at Boston Red Sox,BetMGM,Over,Under,8.5,8.5,100,-120,2026-05-06T23:33:05Z
mlb,h2h,587e3aa8ddaf7a5719f0d0f55b446db9,Tampa Bay Rays at Boston Red Sox,Bovada,Boston Red Sox,Tampa Bay Rays,,,-121,101,2026-05-06T23:33:41Z
mlb,spreads,587e3aa8ddaf7a5719f0d0f55b446db9,Tampa Bay Rays at Boston Red Sox,Bovada,Boston Red Sox,Tampa Bay Rays,-1.5,1.5,175,-210,2026-05-06T23:33:41Z
mlb,totals,587e3aa8ddaf7a5719f0d0f55b446db9,Tampa Bay Rays at Boston Red Sox,Bovada,Over,Under,8.5,8.5,100,-120,2026-05-06T23:33:41Z
mlb,h2h,fb98c375df55f7f70d2f35b2209bdd61,St. Louis Cardinals at San Diego Padres,FanDuel,San Diego Padres,St. Louis Cardinals,,,-178,150,2026-05-06T23:34:18Z
mlb,spreads,fb98c375df55f7f70d2f35b2209bdd61,St. Louis Cardinals at San Diego Padres,FanDuel,San Diego Padres,St. Louis Cardinals,-1.5,1.5,122,-146,2026-05-06T23:34:18Z
mlb,totals,fb98c375df55f7f70d2f35b2209bdd61,St. Louis Cardinals at San Diego Padres,FanDuel,Over,Under,8.0,8.0,-105,-115,2026-05-06T23:34:18Z
