player,team,games,minutes,points,rebounds,assists,steals,blocks,fg_pct,fg3_pct,ft_pct,plus_minus
A.J. Lawson,TOR,24,9.4,4.2,1.8,0.3,0.5,0.2,0.436,0.422,0.778,-0.4
AJ Green,MIL,78,29.1,10.4,2.7,1.9,0.5,0.1,0.424,0.419,0.855,-1.9
AJ Johnson,DAL,48,9.4,3.3,1.1,1.0,0.2,0.1,0.324,0.211,0.85,-1.1
Aaron Gordon,DEN,36,27.9,16.2,5.8,2.7,0.6,0.3,0.497,0.389,0.767,7.6
Aaron Holiday,HOU,57,13.7,5.5,1.0,1.1,0.5,0.1,0.417,0.394,0.854,2.3
Aaron Nesmith,IND,45,29.7,13.8,4.2,1.9,0.6,0.5,0.414,0.379,0.829,-4.5
Aaron Wiggins,OKC,65,21.8,9.4,3.1,1.7,0.9,0.4,0.431,0.356,0.736,2.7
Ace Bailey,UTA,72,27.6,13.8,4.2,1.8,0.8,0.7,0.443,0.344,0.75,-6.2
Adama Bal,MEM,8,30.2,10.4,3.1,2.4,1.1,0.1,0.412,0.409,0.9,-20.8
Adem Bona,PHI,71,17.4,4.8,4.3,0.5,0.4,1.2,0.595,0.333,0.708,-0.1
Adou Thiero,LAL,25,6.0,1.9,1.1,0.4,0.3,0.1,0.516,0.333,0.636,-1.3
Ajay Mitchell,OKC,57,25.8,13.6,3.3,3.6,1.2,0.3,0.485,0.347,0.87,8.8
Al Horford,GSW,45,21.5,8.3,4.9,2.6,0.7,1.1,0.426,0.361,0.846,-0.2
Alex Antetokounmpo,MIL,6,3.4,3.2,1.0,0.2,0.0,0.2,0.375,0.286,0.733,0.8
Alex Caruso,OKC,56,18.2,6.2,2.8,2.0,1.3,0.3,0.423,0.293,0.804,6.8
Alex Morales,ORL,4,5.9,2.0,0.8,1.0,0.0,0.0,0.429,0.0,1.0,2.0
Alex Sarr,WAS,48,27.2,16.3,7.4,2.7,0.8,2.0,0.482,0.333,0.692,-7.3
Alijah Martin,TOR,23,6.3,2.2,0.9,0.5,0.3,0.2,0.32,0.19,0.789,-0.6
Alondes Williams,WAS,4,25.2,11.0,6.3,3.0,0.8,0.8,0.615,0.357,0.875,8.8
Alperen Sengun,HOU,72,33.3,20.4,8.9,6.2,1.2,1.1,0.519,0.305,0.691,2.8
Amari Williams,BOS,22,6.6,1.4,1.8,0.5,0.1,0.5,0.5,0.0,0.714,-2.6
Amen Thompson,HOU,79,37.4,18.3,7.8,5.3,1.5,0.6,0.534,0.216,0.779,4.7
Amir Coffey,PHX,46,10.7,3.2,1.2,0.6,0.2,0.1,0.487,0.347,0.786,-0.7
Andersson Garcia,UTA,5,33.8,5.2,8.4,2.8,1.6,0.8,0.31,0.077,0.778,-7.4
Andre Drummond,PHI,63,19.5,6.4,8.4,1.3,0.6,0.8,0.472,0.356,0.631,-1.4
Andre Jackson Jr.,MIL,48,8.5,2.4,1.5,0.9,0.4,0.1,0.328,0.25,0.625,-1.5
Andrew Nembhard,IND,57,31.3,16.9,2.8,7.7,0.9,0.1,0.442,0.361,0.825,-6.9
Andrew Wiggins,MIA,68,30.3,15.4,4.8,2.7,1.1,1.0,0.475,0.414,0.784,0.1
Anfernee Simons,CHI,55,24.9,14.3,2.5,2.4,0.5,0.1,0.44,0.385,0.896,1.8
Anthony Black,ORL,64,29.8,15.0,3.8,3.7,1.4,0.7,0.447,0.333,0.732,-0.2
Anthony Davis,WAS,20,31.3,20.4,11.1,2.8,1.1,1.7,0.506,0.27,0.728,-2.5
Anthony Edwards,MIN,61,35.0,28.8,5.0,3.7,1.4,0.8,0.489,0.399,0.796,2.7
Anthony Gill,WAS,55,17.3,5.8,2.9,1.3,0.6,0.4,0.628,0.354,0.739,-5.3
Antonio Reeves,CHA,10,6.8,2.7,0.8,0.3,0.1,0.0,0.5,0.538,0.0,2.9
Ariel Hukporti,NYK,54,9.2,2.2,2.9,0.5,0.2,0.5,0.563,0.25,0.788,0.6
Asa Newell,ATL,44,11.4,5.2,2.2,0.6,0.4,0.3,0.538,0.387,0.552,-1.0
Ausar Thompson,DET,73,26.0,9.9,5.7,3.1,2.0,0.9,0.525,0.25,0.571,5.4
Austin Reaves,LAL,51,34.5,23.3,4.7,5.5,1.1,0.4,0.49,0.36,0.871,3.6
Ayo Dosunmu,MIN,69,27.3,14.8,3.4,3.6,0.8,0.3,0.517,0.439,0.876,-1.0
Bam Adebayo,MIA,73,32.4,20.1,10.0,3.2,1.2,0.7,0.442,0.318,0.778,4.5
Baylor Scheierman,BOS,77,18.6,5.5,3.5,1.5,0.5,0.1,0.453,0.399,0.903,2.6
Ben Saraf,BKN,44,20.8,7.5,2.1,3.3,0.9,0.2,0.396,0.211,0.83,-5.4
Ben Sheppard,IND,65,21.4,7.1,3.0,1.8,0.6,0.1,0.434,0.362,0.765,-4.1
Bennedict Mathurin,LAC,54,30.0,17.6,5.4,2.4,0.8,0.2,0.43,0.315,0.869,-2.7
Bez Mbeng,UTA,15,32.8,8.1,3.8,4.1,2.3,0.3,0.5,0.194,0.64,-9.9
Bilal Coulibaly,WAS,56,26.2,11.7,4.3,2.6,1.3,1.0,0.425,0.319,0.746,-7.4
Bismack Biyombo,SAS,25,5.7,0.9,1.0,0.2,0.2,0.1,0.6,0.0,0.714,-4.0
Blake Hinson,UTA,14,20.4,11.9,2.4,1.1,0.4,0.1,0.513,0.468,0.75,3.2
Blake Wesley,POR,31,11.6,4.8,1.3,2.0,0.5,0.2,0.452,0.278,0.553,-2.5
Bobby Portis,MIL,67,24.2,13.7,6.4,1.6,0.6,0.2,0.488,0.456,0.706,-4.0
Bobi Klintman,DET,12,5.9,1.8,1.6,0.5,0.3,0.0,0.333,0.308,0.0,-0.4
Bogdan Bogdanović,LAC,23,19.7,7.4,2.6,2.2,0.4,0.1,0.388,0.347,0.8,-1.3
Bones Hyland,MIN,71,16.6,8.5,1.8,2.6,0.6,0.2,0.453,0.388,0.78,1.7
Bradley Beal,LAC,6,20.2,8.2,0.8,1.7,0.5,0.0,0.375,0.368,0.75,-3.8
Branden Carlson,OKC,42,11.6,5.8,3.0,0.7,0.2,0.6,0.527,0.36,0.577,-0.6
Brandin Podziemski,GSW,82,28.4,13.8,5.1,3.7,1.1,0.2,0.455,0.371,0.797,0.2
Brandon Clarke,MEM,2,10.2,4.0,3.0,0.5,1.0,0.0,0.333,0.0,0.5,-6.0
Brandon Ingram,TOR,77,33.8,21.5,5.6,3.7,0.8,0.7,0.477,0.382,0.82,0.6
Brandon Miller,CHA,65,30.3,20.2,4.9,3.3,1.0,0.7,0.435,0.383,0.892,5.7
Brandon Williams,DAL,66,22.2,13.0,2.9,3.9,0.9,0.3,0.472,0.232,0.793,-2.2
Brice Sensabaugh,UTA,75,23.5,14.9,3.1,1.9,0.7,0.2,0.46,0.367,0.826,-5.1
Bronny James,LAL,42,8.9,2.9,0.5,1.2,0.5,0.1,0.409,0.386,0.857,-1.0
Brook Lopez,LAC,75,21.8,8.5,3.6,1.3,0.6,1.2,0.428,0.36,0.757,0.6
Brooks Barnhizer,OKC,40,8.7,1.7,2.0,0.6,0.3,0.1,0.38,0.292,0.7,-2.6
Bruce Brown,DEN,82,24.4,7.9,3.9,2.1,1.0,0.2,0.475,0.385,0.762,-0.9
Bryce McGowens,NOP,42,21.0,8.1,2.1,1.5,0.6,0.2,0.481,0.409,0.779,-1.7
Bub Carrington,WAS,82,27.7,10.7,3.4,4.6,0.6,0.2,0.424,0.408,0.73,-9.1
Buddy Boeheim,OKC,4,3.8,1.5,0.0,0.0,0.0,0.0,0.333,0.333,0.0,1.5
Buddy Hield,ATL,51,16.1,7.6,2.3,1.4,0.8,0.2,0.437,0.349,0.811,-1.7
CJ Huntley,PHX,4,10.1,3.0,1.3,0.5,0.3,0.0,0.545,0.0,0.0,3.8
CJ McCollum,ATL,76,29.8,18.7,3.3,3.9,0.8,0.5,0.455,0.375,0.772,1.2
Cade Cunningham,DET,64,33.9,23.9,5.5,9.9,1.4,0.8,0.461,0.342,0.812,8.1
Caleb Houstan,ATL,18,4.2,2.3,0.6,0.2,0.1,0.1,0.538,0.524,1.0,0.1
Caleb Love,POR,49,20.7,10.4,2.3,2.5,0.6,0.1,0.388,0.318,0.735,-2.6
Caleb Martin,DAL,58,14.8,3.9,2.5,1.4,0.7,0.3,0.45,0.351,0.607,-3.4
Cam Christie,LAC,55,8.7,2.8,1.4,0.6,0.3,0.1,0.381,0.245,0.76,-0.2
Cam Spencer,MEM,72,23.8,11.1,2.5,5.6,0.7,0.2,0.473,0.449,0.94,-1.2
Cam Thomas,MIL,42,21.0,13.5,1.7,2.6,0.2,0.1,0.41,0.31,0.811,-5.1
Cam Whitmore,WAS,21,16.9,9.2,2.8,0.7,0.7,0.4,0.456,0.286,0.742,-7.2
Cameron Johnson,DEN,54,30.5,12.2,3.8,2.4,0.7,0.4,0.48,0.43,0.839,6.4
Cameron Payne,PHI,22,17.0,7.4,2.0,2.6,1.1,0.3,0.376,0.33,0.864,-2.9
Caris LeVert,DET,60,19.2,7.4,2.0,2.7,0.9,0.7,0.417,0.333,0.679,-0.1
Carter Bryant,SAS,71,11.5,4.2,2.5,0.7,0.2,0.3,0.408,0.335,0.714,-0.1
Cason Wallace,OKC,77,26.6,8.6,3.1,2.6,1.9,0.4,0.432,0.351,0.809,6.9
Cedric Coward,MEM,62,25.8,13.6,5.9,2.8,0.6,0.4,0.471,0.338,0.843,0.4
Chaney Johnson,BKN,17,20.4,8.2,4.6,2.1,0.9,0.5,0.543,0.3,0.8,-4.6
Charles Bassey,GSW,13,11.7,5.8,4.4,0.5,0.3,0.8,0.66,0.0,0.7,-3.4
Chaz Lanier,DET,34,7.7,2.4,0.7,0.5,0.2,0.0,0.315,0.284,0.833,0.2
Chet Holmgren,OKC,69,28.9,17.1,8.9,1.7,0.6,1.9,0.557,0.362,0.792,9.8
Chris Boucher,BOS,9,10.5,2.3,2.0,0.3,0.6,0.8,0.32,0.133,0.75,0.6
Chris Livingston,CLE,3,5.8,3.0,1.0,0.3,0.3,0.0,0.571,0.0,1.0,2.7
Chris Mañon,LAL,9,5.1,0.8,1.1,0.3,0.6,0.2,0.333,0.0,0.75,-0.1
Chris Paul,LAC,16,14.2,2.9,1.8,3.3,0.7,0.0,0.321,0.333,0.5,-5.3
Chris Youngblood,POR,34,5.4,2.1,0.8,0.4,0.1,0.1,0.349,0.333,0.9,0.3
Christian Braun,DEN,44,31.8,12.0,4.8,2.7,0.7,0.3,0.519,0.301,0.782,6.6
Christian Koloko,ATL,27,13.2,2.7,3.0,0.7,0.5,0.9,0.419,0.111,0.667,-0.5
Chucky Hepburn,TOR,2,6.6,0.0,0.5,1.0,0.5,0.0,0.0,0.0,0.0,-8.0
Clint Capela,HOU,75,12.3,3.8,4.6,0.7,0.5,0.8,0.52,0.5,0.577,2.2
Coby White,CHA,50,25.0,17.4,3.4,4.0,0.5,0.1,0.446,0.362,0.817,1.9
Cody Martin,IND,4,13.8,1.8,3.5,0.5,1.0,0.5,0.2,0.0,0.5,-7.0
Cody Williams,UTA,67,24.3,8.8,3.0,2.0,0.8,0.4,0.468,0.214,0.706,-5.9
Colby Jones,DET,1,6.8,2.0,4.0,2.0,0.0,0.0,0.333,0.0,0.0,12.0
Cole Anthony,MIL,35,15.0,6.7,2.5,3.5,0.6,0.3,0.424,0.306,0.615,-3.2
Colin Castleton,ORL,4,5.3,1.3,2.0,0.3,0.3,0.0,0.4,0.0,1.0,1.5
Collin Gillespie,PHX,80,28.5,12.7,4.1,4.6,1.2,0.2,0.418,0.401,0.874,2.5
Collin Murray-Boyles,TOR,57,21.9,8.5,5.0,1.9,0.9,0.9,0.579,0.34,0.657,0.8
Collin Sexton,CHI,68,23.7,15.4,2.3,3.3,1.1,0.1,0.485,0.401,0.855,-1.7
Cooper Flagg,DAL,70,33.5,21.0,6.7,4.5,1.2,0.9,0.468,0.295,0.827,-3.8
Corey Kispert,ATL,58,18.6,9.2,2.3,1.6,0.3,0.2,0.467,0.367,0.794,-2.6
Cormac Ryan,MIL,11,24.6,14.3,2.5,1.7,1.0,0.3,0.52,0.458,0.923,-1.6
Craig Porter Jr.,CLE,64,17.9,4.5,3.4,3.2,0.9,0.6,0.45,0.355,0.6,1.6
Curtis Jones,DEN,10,8.8,2.9,1.1,1.0,0.4,0.0,0.407,0.333,0.5,2.6
D'Angelo Russell,WAS,26,19.0,10.2,2.3,4.0,0.5,0.1,0.405,0.295,0.717,-1.6
DaQuan Jeffries,SAC,3,20.0,10.3,1.7,0.3,0.7,0.0,0.579,0.444,1.0,0.3
DaRon Holmes II,DEN,25,8.4,3.7,1.4,0.6,0.0,0.2,0.508,0.444,0.786,-0.6
Daeqwon Plowden,SAC,32,26.4,10.8,3.0,1.3,0.7,0.2,0.43,0.333,0.857,-6.4
Dalano Banton,BOS,6,10.3,2.0,0.8,1.8,0.3,0.8,0.333,0.0,1.0,-1.5
Dalen Terry,PHI,48,11.5,3.7,1.8,1.4,0.6,0.3,0.439,0.364,0.533,-0.9
Dalton Knecht,LAL,54,10.2,4.2,1.4,0.4,0.2,0.2,0.455,0.342,0.727,-1.5
Daniel Gafford,DAL,55,21.7,9.5,6.9,1.1,0.8,1.3,0.655,0.0,0.683,-3.4
Daniss Jenkins,DET,72,20.2,9.3,2.3,3.9,0.9,0.2,0.408,0.374,0.832,2.9
Danny Wolf,BKN,57,20.8,8.9,4.9,2.2,0.5,0.6,0.405,0.322,0.771,-4.1
Dario Saric,SAC,5,8.2,1.0,1.2,0.4,0.0,0.0,0.167,0.333,1.0,0.0
Dariq Whitehead,MEM,6,30.5,16.3,4.0,1.5,0.7,0.0,0.398,0.317,0.714,-16.5
Darius Brown,CLE,1,2.7,0.0,1.0,0.0,0.0,0.0,0.0,0.0,0.0,-4.0
Darius Garland,LAC,45,29.9,18.8,2.4,6.7,1.0,0.2,0.46,0.396,0.861,1.9
David Jones Garcia,SAS,11,6.2,2.9,1.2,1.6,0.5,0.1,0.52,0.6,0.5,3.5
David Roddy,DEN,5,14.6,8.0,4.0,0.8,0.8,0.2,0.5,0.273,1.0,1.0
Davion Mitchell,MIA,70,28.6,9.3,2.7,6.5,1.0,0.2,0.49,0.395,0.646,2.9
Day'Ron Sharpe,BKN,62,18.7,8.7,6.7,2.3,1.1,0.4,0.601,0.231,0.678,-1.8
De'Aaron Fox,SAS,72,31.0,18.6,3.8,6.2,1.2,0.3,0.486,0.332,0.76,6.3
De'Andre Hunter,SAC,45,26.1,13.7,4.1,2.0,0.7,0.1,0.415,0.305,0.867,-0.5
De'Anthony Melton,GSW,49,23.0,12.3,3.2,2.6,1.6,0.4,0.407,0.294,0.826,1.9
DeAndre Jordan,NOP,12,16.6,4.4,6.3,0.9,0.3,0.8,0.656,0.0,0.647,-0.1
DeJon Jarreau,MEM,11,21.0,8.0,4.6,3.3,0.9,0.7,0.398,0.133,0.783,-10.2
DeMar DeRozan,SAC,77,31.2,18.4,2.9,4.1,1.0,0.3,0.497,0.32,0.868,-7.6
Dean Wade,CLE,59,22.3,5.8,4.2,1.5,0.7,0.4,0.439,0.362,0.711,2.6
Deandre Ayton,LAL,72,27.2,12.5,8.0,0.8,0.6,1.0,0.671,0.0,0.645,-0.1
Dejounte Murray,NOP,14,27.8,16.7,5.4,6.4,1.6,0.2,0.484,0.306,0.867,1.4
Deni Avdija,POR,66,33.3,24.2,6.9,6.7,0.8,0.6,0.462,0.318,0.802,0.2
Dennis Schröder,CLE,70,24.2,10.8,2.7,4.9,0.8,0.2,0.405,0.329,0.834,-3.4
Dereck Lively II,DAL,7,16.5,4.3,5.3,1.9,0.6,1.6,0.611,0.0,0.8,2.0
Derik Queen,NOP,81,25.0,11.7,7.1,3.7,1.0,0.9,0.473,0.261,0.795,-3.8
Derrick Jones Jr.,LAC,50,27.0,10.1,3.5,1.4,0.9,1.0,0.499,0.359,0.763,2.6
Derrick White,BOS,77,34.1,16.5,4.4,5.4,1.1,1.3,0.394,0.327,0.902,7.8
Desmond Bane,ORL,82,33.6,20.1,4.1,4.1,1.0,0.5,0.484,0.391,0.908,1.6
Devin Booker,PHX,64,33.5,26.1,3.9,6.0,0.8,0.3,0.456,0.33,0.873,3.1
Devin Carter,SAC,38,18.4,8.9,3.3,2.7,0.9,0.2,0.414,0.263,0.713,-3.0
Devin Vassell,SAS,67,30.5,13.9,4.0,2.5,0.9,0.4,0.437,0.384,0.815,7.3
Dillon Brooks,PHX,56,30.4,20.2,3.6,1.8,1.0,0.2,0.435,0.344,0.842,-0.9
Dillon Jones,NYK,7,5.6,1.3,1.0,0.6,0.4,0.0,0.222,0.2,1.0,1.1
Domantas Sabonis,SAC,19,29.7,15.8,11.4,4.1,0.9,0.2,0.543,0.185,0.727,-9.3
Dominick Barlow,PHI,71,23.8,7.7,4.8,1.2,0.9,0.7,0.539,0.256,0.718,0.4
Donovan Clingan,POR,77,27.2,12.1,11.6,2.1,0.6,1.7,0.52,0.341,0.68,0.2
Donovan Mitchell,CLE,70,33.5,27.9,4.5,5.7,1.5,0.3,0.483,0.364,0.865,5.3
Donte DiVincenzo,MIN,82,30.4,12.2,4.1,3.8,1.3,0.4,0.406,0.379,0.743,4.1
Dorian Finney-Smith,HOU,37,16.8,3.3,2.5,1.0,0.4,0.2,0.333,0.27,0.889,0.4
Doug McDermott,SAC,29,15.1,5.7,1.3,0.8,0.2,0.1,0.388,0.39,0.889,-3.5
Drake Powell,BKN,63,20.9,6.5,1.8,1.4,0.6,0.2,0.402,0.28,0.896,-7.1
Draymond Green,GSW,68,27.5,8.4,5.5,5.5,0.9,0.6,0.418,0.326,0.702,-2.0
Drew Eubanks,SAC,42,13.1,5.2,3.0,0.5,0.4,0.6,0.596,0.143,0.561,-3.7
Drew Peterson,CHA,6,10.7,0.8,1.5,0.3,0.5,0.2,0.125,0.0,0.5,-1.7
Drew Timme,LAL,27,8.7,3.4,1.2,0.9,0.2,0.0,0.576,0.44,0.556,-0.9
Dru Smith,MIA,70,16.3,5.6,2.5,2.6,1.4,0.3,0.415,0.295,0.829,-1.2
Duncan Robinson,DET,77,27.4,12.2,2.7,2.1,0.6,0.3,0.456,0.41,0.755,7.0
Duop Reath,POR,32,8.1,2.9,1.2,0.3,0.2,0.3,0.446,0.418,0.833,-1.2
Dwight Powell,DAL,63,14.4,3.3,4.1,1.1,0.5,0.3,0.644,0.286,0.696,-0.1
Dylan Cardwell,SAC,44,20.6,5.4,7.5,1.4,0.7,1.5,0.587,0.5,0.51,-1.5
Dylan Harper,SAS,69,22.6,11.8,3.4,3.9,0.8,0.3,0.505,0.343,0.756,4.4
Dyson Daniels,ATL,76,33.2,11.9,6.8,5.9,2.0,0.4,0.517,0.188,0.615,4.0
E.J. Liddell,BKN,26,13.4,5.7,2.7,0.9,0.2,0.4,0.486,0.346,0.808,-1.8
Egor Dëmin,BKN,52,25.2,10.3,3.2,3.3,0.8,0.3,0.399,0.385,0.831,-3.1
Elijah Harkless,UTA,26,21.0,6.8,2.0,2.9,1.2,0.2,0.335,0.239,0.766,-1.3
Emanuel Miller,SAS,5,6.6,3.0,0.6,0.8,0.4,0.0,0.462,0.333,0.5,-3.8
Enrique Freeman,MIN,4,9.3,3.3,2.5,0.5,0.5,0.8,0.5,0.5,0.75,7.0
Eric Gordon,PHI,6,12.3,5.5,0.3,0.5,0.7,0.2,0.571,0.571,0.5,-5.2
Ethan Thompson,IND,32,20.4,7.0,2.2,1.8,0.6,0.3,0.378,0.328,0.787,0.0
Evan Mobley,CLE,65,31.9,18.2,9.0,3.6,0.7,1.7,0.546,0.297,0.606,3.4
Franz Wagner,ORL,34,30.0,20.6,5.2,3.3,0.9,0.3,0.481,0.345,0.823,2.4
GG Jackson,MEM,55,21.4,12.5,4.3,1.5,0.6,0.8,0.496,0.332,0.742,-1.5
Gabe Vincent,ATL,53,16.6,4.4,1.0,1.4,0.5,0.1,0.352,0.341,0.87,0.7
Garrett Temple,TOR,22,3.3,0.8,0.4,0.4,0.2,0.1,0.267,0.25,0.667,0.0
Garrison Mathews,IND,15,13.1,5.2,1.1,0.7,0.4,0.2,0.404,0.37,0.826,-0.1
Gary Harris,MIL,48,13.8,2.7,1.3,1.1,0.6,0.2,0.442,0.412,0.889,-2.8
Gary Payton II,GSW,73,15.6,7.5,3.6,1.7,0.9,0.3,0.583,0.291,0.65,-1.5
Gary Trent Jr.,MIL,65,21.2,8.1,1.0,1.2,0.5,0.0,0.387,0.36,0.769,-5.4
Giannis Antetokounmpo,MIL,36,28.9,27.6,9.8,5.4,0.9,0.7,0.624,0.333,0.65,2.7
Goga Bitadze,ORL,64,15.2,5.9,5.0,1.3,0.6,1.0,0.676,0.182,0.711,0.3
Gradey Dick,TOR,76,14.0,6.0,1.9,0.7,0.6,0.1,0.419,0.301,0.875,1.6
Grant Nelson,BKN,4,8.8,4.3,1.5,1.3,0.3,1.3,0.556,0.0,0.7,-1.8
Grant Williams,CHA,36,19.8,7.0,3.9,1.6,0.5,0.5,0.426,0.388,0.815,5.6
Grayson Allen,PHX,51,28.8,16.5,3.0,3.8,1.4,0.3,0.403,0.349,0.857,0.4
Guerschon Yabusele,CHI,67,15.0,5.6,3.5,0.9,0.4,0.2,0.401,0.352,0.75,-2.5
Gui Santos,GSW,68,20.5,9.2,3.9,2.3,0.9,0.3,0.5,0.351,0.725,0.5
Harrison Barnes,SAS,77,25.8,9.9,2.8,1.9,0.6,0.2,0.456,0.388,0.829,4.3
Harrison Ingram,SAS,7,3.7,1.6,0.4,0.1,0.0,0.0,0.833,1.0,0.0,-0.9
Hayden Gray,UTA,1,24.8,6.0,0.0,1.0,1.0,1.0,0.667,0.0,1.0,-18.0
Haywood Highsmith,PHX,7,13.0,5.4,1.9,1.0,0.6,0.0,0.522,0.571,0.857,1.4
Herbert Jones,NOP,56,28.4,8.9,3.4,2.8,1.6,0.5,0.383,0.309,0.806,-0.9
Hugo González,BOS,74,14.6,3.9,3.3,0.5,0.6,0.3,0.476,0.362,0.5,3.3
Hunter Dickinson,NOP,5,8.5,2.4,1.0,0.4,0.2,0.4,0.357,0.0,1.0,-7.4
Hunter Sallis,PHI,7,3.7,1.0,0.1,0.6,0.0,0.1,0.6,0.0,0.5,-1.9
Hunter Tyson,DEN,21,7.7,2.2,1.7,0.8,0.1,0.0,0.269,0.212,0.846,-1.1
Immanuel Quickley,TOR,70,31.9,16.4,4.0,5.9,1.3,0.1,0.443,0.374,0.821,1.7
Isaac Jones,DET,7,5.1,1.3,0.7,0.1,0.0,0.1,0.429,0.0,0.75,-3.7
Isaac Okoro,CHI,63,26.9,9.3,2.7,1.6,0.7,0.5,0.46,0.33,0.795,-5.3
Isaiah Collier,UTA,59,25.7,11.7,2.5,7.2,1.1,0.3,0.495,0.27,0.722,-7.5
Isaiah Crawford,HOU,14,6.6,2.0,1.1,0.4,0.1,0.2,0.417,0.231,0.833,-0.6
Isaiah Hartenstein,OKC,47,24.2,9.2,9.4,3.5,1.0,0.8,0.622,0.0,0.61,7.8
Isaiah Jackson,LAC,55,16.5,6.7,5.3,0.9,0.7,0.9,0.637,0.0,0.648,-0.9
Isaiah Joe,OKC,71,21.2,11.1,2.5,1.3,0.7,0.2,0.455,0.423,0.894,5.0
Isaiah Livers,PHX,36,9.6,1.8,1.7,0.6,0.4,0.2,0.344,0.3,0.75,0.3
Isaiah Stevens,SAC,3,14.3,3.3,1.0,3.3,1.7,0.0,0.429,0.0,1.0,-3.0
Isaiah Stewart,DET,58,22.7,10.0,5.0,1.1,0.3,1.6,0.55,0.333,0.756,0.7
Ivica Zubac,IND,48,30.1,14.1,10.6,2.2,0.4,0.8,0.598,0.0,0.711,-1.0
JD Davison,HOU,28,7.8,2.5,1.2,1.3,0.2,0.2,0.375,0.25,0.684,0.6
Ja Morant,MEM,20,28.4,19.5,3.3,8.1,1.0,0.3,0.41,0.235,0.897,-2.5
Ja'Kobe Walter,TOR,72,20.5,7.5,2.6,1.2,1.0,0.2,0.446,0.409,0.789,0.0
Jabari Smith Jr.,HOU,77,35.1,15.8,6.9,1.9,0.7,0.9,0.449,0.363,0.775,3.4
Jabari Walker,PHI,64,11.9,4.3,3.0,0.5,0.4,0.2,0.455,0.337,0.735,0.1
Jacob Toppin,ATL,5,3.4,1.6,0.2,0.2,0.0,0.2,0.667,0.0,0.0,2.6
Jaden Hardy,WAS,57,15.8,9.2,1.5,1.0,0.3,0.1,0.424,0.397,0.733,-1.5
Jaden Ivey,CHI,37,18.1,8.5,2.5,1.8,0.6,0.4,0.445,0.373,0.809,0.7
Jaden McDaniels,MIN,73,31.7,14.8,4.2,2.7,1.1,1.0,0.515,0.412,0.835,1.6
Jae'Sean Tate,HOU,46,8.8,2.8,1.6,0.5,0.2,0.1,0.514,0.313,0.636,-0.8
Jahmai Mashack,MEM,31,21.7,6.2,2.6,2.2,1.2,0.5,0.395,0.253,0.543,-6.8
Jahmir Young,MIA,14,4.2,1.8,0.3,0.6,0.1,0.0,0.4,0.333,1.0,0.1
Jahmyl Telfort,LAC,8,4.0,0.1,0.4,0.1,0.1,0.0,0.0,0.0,0.25,-0.9
Jaime Jaquez Jr.,MIA,75,28.3,15.4,5.0,4.7,0.7,0.3,0.507,0.317,0.769,1.9
Jake LaRavia,LAL,82,25.1,8.2,4.0,1.8,1.3,0.5,0.459,0.321,0.763,-0.1
Jakob Poeltl,TOR,46,25.0,10.7,7.0,2.0,0.9,0.7,0.7,0.0,0.602,1.0
Jalen Brunson,NYK,74,35.0,26.0,3.3,6.8,0.8,0.1,0.467,0.369,0.841,4.8
Jalen Duren,DET,70,28.2,19.5,10.5,2.0,0.8,0.8,0.65,0.0,0.747,6.9
Jalen Green,PHX,32,25.9,17.8,3.6,2.8,1.1,0.3,0.422,0.313,0.747,1.0
Jalen Johnson,ATL,72,35.2,22.5,10.3,7.9,1.2,0.4,0.489,0.352,0.788,2.6
Jalen Pickett,DEN,50,16.1,5.2,2.3,2.3,0.3,0.1,0.422,0.386,0.789,0.1
Jalen Slawson,IND,13,23.9,7.3,4.4,2.8,1.5,1.1,0.442,0.375,0.706,-2.0
Jalen Smith,CHI,53,20.7,10.2,6.7,1.2,0.5,0.8,0.483,0.373,0.742,1.6
Jalen Suggs,ORL,57,27.6,13.8,3.9,5.5,1.8,0.7,0.435,0.339,0.855,3.2
Jalen Williams,OKC,33,28.4,17.1,4.6,5.5,1.2,0.3,0.484,0.299,0.837,6.9
Jalen Wilson,BKN,54,15.9,6.4,2.1,0.9,0.4,0.0,0.396,0.355,0.719,-3.6
Jamal Cain,ORL,40,12.1,5.4,2.0,0.7,0.3,0.1,0.487,0.384,0.848,1.1
Jamal Murray,DEN,75,35.4,25.4,4.4,7.1,0.9,0.4,0.483,0.435,0.887,5.8
Jamal Shead,TOR,82,22.6,6.6,1.7,5.4,0.9,0.2,0.367,0.321,0.784,2.8
Jamaree Bouyea,PHX,46,14.0,5.7,1.8,1.8,0.6,0.3,0.458,0.295,0.686,0.5
James Harden,CLE,70,34.8,23.6,4.8,8.0,1.1,0.4,0.434,0.375,0.884,1.4
James Wiseman,IND,4,14.6,3.3,2.0,0.8,0.0,0.3,0.6,0.0,0.5,-2.3
Jamir Watkins,WAS,50,20.6,7.4,3.9,1.3,1.1,0.5,0.446,0.297,0.695,-3.3
Jamison Battle,TOR,61,8.5,3.1,1.5,0.4,0.1,0.0,0.51,0.412,0.643,1.5
Jarace Walker,IND,76,25.7,11.6,5.1,2.5,0.8,0.3,0.419,0.374,0.749,-6.0
Jared McCain,OKC,67,17.3,8.3,2.0,1.3,0.5,0.1,0.425,0.385,0.864,1.9
Jaren Jackson Jr.,UTA,48,30.3,19.4,5.7,2.0,1.1,1.4,0.476,0.357,0.803,-1.3
Jarred Vanderbilt,LAL,65,17.3,4.4,4.5,1.3,0.8,0.3,0.471,0.293,0.589,0.1
Jarrett Allen,CLE,56,27.1,15.4,8.5,1.8,1.0,0.8,0.638,0.1,0.709,3.8
Jase Richardson,ORL,54,10.9,4.4,1.2,1.1,0.4,0.0,0.473,0.354,0.717,-0.3
Javon Small,MEM,41,20.2,9.7,3.1,3.7,0.8,0.2,0.465,0.423,0.829,-2.6
Javonte Cooke,POR,19,4.9,1.2,1.0,0.4,0.3,0.0,0.22,0.13,1.0,-3.1
Javonte Green,DET,82,17.6,6.9,2.8,0.7,1.2,0.3,0.447,0.381,0.84,2.6
Jaxson Hayes,LAL,66,18.3,7.5,4.1,0.9,0.4,0.8,0.756,1.0,0.653,1.1
Jay Huff,IND,82,21.0,9.5,4.0,1.5,0.5,1.9,0.476,0.319,0.828,-3.1
Jaylen Brown,BOS,71,34.4,28.7,6.9,5.1,1.0,0.4,0.477,0.347,0.795,4.5
Jaylen Clark,MIN,68,13.1,4.0,1.8,0.6,0.7,0.1,0.434,0.327,0.657,1.1
Jaylen Wells,MEM,69,26.4,12.5,3.2,1.6,0.9,0.1,0.431,0.353,0.784,-2.6
Jaylin Williams,OKC,65,19.7,7.2,5.5,2.4,0.5,0.6,0.423,0.383,0.793,4.7
Jaylon Tyson,CLE,66,26.9,13.2,5.1,2.2,0.8,0.4,0.493,0.446,0.738,1.7
Jayson Kent,POR,5,4.5,2.0,1.0,0.0,0.2,0.2,0.571,0.25,1.0,-0.6
Jayson Tatum,BOS,16,32.6,21.8,10.0,5.3,1.4,0.2,0.411,0.329,0.823,7.4
Jeff Green,HOU,30,5.8,2.2,0.8,0.3,0.1,0.1,0.368,0.273,1.0,-0.9
Jerami Grant,POR,57,29.7,18.6,3.5,2.1,0.7,0.6,0.453,0.389,0.814,-0.1
Jeremiah Fears,NOP,82,25.8,14.3,3.7,3.4,1.2,0.4,0.434,0.33,0.789,-3.5
Jeremiah Robinson-Earl,DAL,22,16.4,4.6,4.7,0.7,0.4,0.0,0.37,0.244,0.944,-3.9
Jeremy Sochan,NYK,44,10.6,3.6,2.4,0.9,0.4,0.2,0.496,0.244,0.731,-1.3
Jericho Sims,MIL,67,19.7,5.0,5.5,1.6,0.3,0.3,0.784,0.0,0.62,-4.1
Jett Howard,ORL,55,12.6,5.5,1.6,0.8,0.2,0.2,0.418,0.372,0.949,-1.3
Jevon Carter,ORL,53,16.4,6.4,1.7,1.6,0.8,0.2,0.401,0.363,0.789,-1.6
Jimmy Butler III,GSW,38,31.1,20.0,5.6,4.9,1.4,0.2,0.519,0.376,0.864,4.9
Joan Beringer,MIN,40,7.9,3.9,2.3,0.3,0.2,0.7,0.663,0.0,0.703,0.6
Jock Landale,ATL,68,22.1,10.6,5.7,1.7,0.5,0.5,0.515,0.383,0.635,-0.8
Joe Ingles,MIN,27,5.7,1.5,0.7,1.3,0.3,0.1,0.593,0.438,1.0,-0.3
Joel Embiid,PHI,38,31.6,26.9,7.7,3.9,0.6,1.2,0.489,0.333,0.854,4.1
John Collins,LAC,69,27.1,13.6,5.3,1.0,0.9,0.7,0.552,0.406,0.766,-0.6
John Konchar,UTA,56,19.9,4.4,4.3,2.1,1.5,0.7,0.472,0.283,0.727,-2.6
John Poulakidas,DAL,13,19.5,8.8,2.3,0.8,0.5,0.3,0.429,0.403,0.857,-1.2
John Tonje,BOS,6,7.0,2.5,1.0,0.3,0.3,0.0,0.286,0.3,1.0,-1.0
Johni Broome,PHI,11,5.0,0.9,1.5,0.4,0.3,0.2,0.167,0.0,0.333,-1.6
Johnny Furphy,IND,35,18.4,5.1,4.4,1.2,0.6,0.2,0.47,0.324,0.486,-1.7
Johnny Juzang,MIN,21,4.2,2.0,0.8,0.3,0.1,0.0,0.421,0.25,0.625,-0.2
Jonas Valančiūnas,DEN,65,13.4,8.7,5.1,1.2,0.2,0.6,0.582,0.308,0.772,-0.7
Jonathan Isaac,ORL,52,10.0,2.6,2.5,0.4,0.4,0.6,0.422,0.184,0.603,-0.7
Jonathan Kuminga,ATL,36,23.1,12.2,5.6,2.3,0.6,0.3,0.463,0.333,0.724,2.0
Jonathan Mogbo,TOR,40,6.2,1.5,1.7,0.6,0.3,0.2,0.591,0.0,0.643,-1.3
Jordan Clarkson,NYK,72,17.8,8.6,1.8,1.3,0.4,0.1,0.451,0.327,0.83,1.5
Jordan Goodwin,PHX,70,22.5,8.7,4.9,2.2,1.5,0.2,0.413,0.371,0.696,1.3
Jordan Hawkins,NOP,51,13.6,5.1,1.7,0.8,0.3,0.2,0.366,0.348,0.852,-2.6
Jordan McLaughlin,SAS,44,6.4,2.0,0.7,0.9,0.5,0.0,0.418,0.425,0.857,-1.4
Jordan Miller,LAC,60,22.1,10.0,3.0,2.3,0.8,0.2,0.531,0.345,0.777,-0.2
Jordan Poole,NOP,39,23.9,13.4,2.0,3.1,0.6,0.4,0.372,0.333,0.86,-3.7
Jordan Walsh,BOS,68,17.8,5.4,4.0,0.8,0.7,0.5,0.509,0.384,0.772,1.4
Jose Alvarado,NYK,69,19.9,7.4,2.5,3.4,1.0,0.1,0.416,0.352,0.761,0.3
Josh Giddey,CHI,54,32.1,17.0,8.3,9.1,1.0,0.5,0.448,0.364,0.763,-3.5
Josh Green,CHA,58,15.7,4.3,1.8,0.8,0.6,0.1,0.459,0.42,0.893,3.6
Josh Hart,NYK,66,30.2,12.0,7.4,4.8,1.1,0.3,0.508,0.413,0.72,3.2
Josh Minott,BKN,49,17.0,7.4,3.2,0.9,0.9,0.5,0.5,0.418,0.787,-0.5
Josh Oduro,NOP,3,27.3,8.3,7.7,1.3,0.0,0.0,0.647,0.0,0.5,0.3
Josh Okogie,HOU,78,17.4,4.5,2.6,0.9,0.8,0.2,0.425,0.385,0.594,0.9
Jrue Holiday,POR,53,29.4,16.3,4.6,6.1,1.0,0.1,0.451,0.378,0.838,3.7
Julian Champagnie,SAS,82,27.6,11.1,5.8,1.5,0.8,0.5,0.437,0.381,0.844,7.2
Julian Phillips,MIN,48,8.9,2.9,1.0,0.2,0.5,0.1,0.421,0.308,0.783,-0.5
Julian Reese,WAS,13,30.9,11.8,10.5,1.8,1.4,0.6,0.529,0.0,0.636,-8.6
Julian Strawther,DEN,57,15.1,7.2,2.0,1.1,0.4,0.1,0.467,0.387,0.814,0.4
Julius Randle,MIN,79,33.0,21.1,6.7,5.0,1.1,0.2,0.481,0.315,0.802,2.9
Justin Champagnie,WAS,69,20.0,8.7,5.6,1.2,0.9,0.6,0.502,0.319,0.784,-4.3
Justin Edwards,PHI,64,15.3,6.0,1.5,1.3,0.8,0.2,0.447,0.372,0.846,-1.1
Jusuf Nurkić,UTA,41,26.4,10.9,10.4,4.8,1.3,0.5,0.503,0.352,0.549,-4.6
KJ Simpson,DEN,20,12.9,4.6,1.9,2.2,0.8,0.0,0.343,0.3,0.611,-0.1
Kadary Richmond,WAS,3,22.3,8.3,3.3,2.7,2.7,0.3,0.625,0.5,1.0,1.7
Kam Jones,IND,37,16.7,4.4,1.6,3.2,0.5,0.0,0.402,0.293,0.5,-3.9
Karl-Anthony Towns,NYK,75,31.0,20.1,11.9,3.0,0.9,0.5,0.501,0.368,0.858,5.0
Karlo Matković,NOP,62,14.7,5.7,3.7,0.8,0.4,0.9,0.604,0.422,0.732,-1.5
Kasparas Jakučionis,MIA,53,17.8,6.2,2.6,2.6,0.6,0.1,0.429,0.423,0.879,1.4
Kawhi Leonard,LAC,65,32.1,27.9,6.4,3.6,1.9,0.4,0.505,0.387,0.892,5.2
Keaton Wallace,ATL,53,10.1,3.5,1.1,1.8,0.5,0.1,0.398,0.373,0.667,-1.9
Keegan Murray,SAC,23,34.5,14.0,5.7,1.7,1.0,1.6,0.42,0.277,0.776,-7.1
Kel'el Ware,MIA,77,22.1,11.1,9.0,0.7,0.8,1.1,0.53,0.395,0.74,-0.9
Keldon Johnson,SAS,82,23.3,13.2,5.4,1.4,0.6,0.1,0.519,0.363,0.794,3.9
Kelly Olynyk,SAS,42,8.6,3.2,1.8,1.2,0.4,0.1,0.49,0.255,0.711,-0.9
Kelly Oubre Jr.,PHI,50,31.5,14.1,5.0,1.6,1.4,0.5,0.467,0.36,0.766,-1.3
Kennedy Chandler,UTA,11,32.3,15.0,3.4,6.7,1.0,0.2,0.445,0.395,0.651,-6.3
Kenrich Williams,OKC,56,15.3,6.5,3.3,1.4,0.6,0.1,0.473,0.388,0.635,0.8
Kentavious Caldwell-Pope,MEM,51,21.3,8.4,2.5,2.7,0.8,0.2,0.41,0.316,0.913,-2.2
Keon Ellis,CLE,72,20.5,6.7,1.9,1.0,1.2,0.6,0.44,0.363,0.729,-2.0
Keshad Johnson,MIA,32,8.7,4.3,1.9,0.3,0.5,0.3,0.49,0.295,0.724,2.8
Keshon Gilbert,ATL,4,18.4,4.3,1.3,3.0,0.8,1.0,0.417,0.0,1.0,-14.5
Kevin Durant,HOU,78,36.4,26.0,5.5,4.8,0.8,0.9,0.52,0.413,0.874,4.4
Kevin Huerter,DET,69,22.5,10.0,3.5,2.6,0.9,0.5,0.451,0.308,0.775,1.2
Kevin Love,UTA,37,16.6,6.7,5.8,1.8,0.4,0.2,0.397,0.373,0.841,-2.2
Kevin McCullar Jr.,NYK,21,7.4,2.4,1.3,1.0,0.4,0.0,0.426,0.333,0.4,-2.3
Kevin Porter Jr.,MIL,38,33.2,17.4,5.2,7.4,2.2,0.5,0.465,0.322,0.878,-2.8
Kevon Looney,NOP,21,14.6,2.8,5.6,1.6,0.4,0.5,0.417,0.154,0.7,-3.0
Keyonte George,UTA,54,33.1,23.6,3.7,6.1,1.1,0.3,0.456,0.371,0.892,-6.2
Khaman Maluach,PHX,46,8.9,3.0,2.9,0.1,0.1,0.7,0.533,0.238,0.71,1.0
Khris Middleton,DAL,63,22.8,10.2,3.7,2.8,0.7,0.1,0.42,0.36,0.875,-5.3
Killian Hayes,SAC,23,17.6,5.5,2.3,3.5,0.9,0.2,0.304,0.27,0.929,-0.8
Klay Thompson,DAL,69,21.7,11.7,2.1,1.4,0.5,0.3,0.393,0.383,0.766,-1.9
Kobe Brown,IND,61,15.8,5.8,3.0,1.3,0.4,0.2,0.469,0.374,0.797,-3.6
Kobe Bufkin,LAL,16,7.5,2.9,0.8,0.6,0.1,0.2,0.3,0.192,0.917,-4.3
Kobe Sanders,LAC,68,19.9,7.3,2.3,1.6,0.7,0.1,0.466,0.408,0.826,0.5
Koby Brea,PHX,12,7.0,3.8,0.7,0.8,0.1,0.0,0.417,0.433,1.0,-0.4
Kon Knueppel,CHA,81,31.5,18.5,5.3,3.4,0.7,0.2,0.475,0.425,0.863,4.0
Kris Dunn,LAC,82,27.2,7.3,3.3,3.6,1.6,0.2,0.476,0.374,0.765,0.2
Kris Murray,POR,57,23.4,5.8,3.6,1.4,0.9,0.4,0.467,0.279,0.684,0.8
Kristaps Porziņģis,GSW,32,24.0,16.7,5.2,2.5,0.6,1.2,0.446,0.338,0.842,1.4
Kyle Anderson,MIN,43,19.8,6.2,3.5,2.9,1.0,0.6,0.53,0.364,0.706,-1.9
Kyle Filipowski,UTA,77,23.4,11.4,7.2,2.6,0.9,0.5,0.492,0.325,0.75,-3.3
Kyle Kuzma,MIL,69,26.2,13.0,4.5,2.7,0.7,0.4,0.492,0.347,0.726,-4.1
Kyle Lowry,PHI,14,8.4,1.2,0.6,0.8,0.1,0.1,0.16,0.16,0.833,-2.8
Kyshawn George,WAS,48,29.0,14.8,5.1,4.5,1.0,0.9,0.438,0.381,0.802,-7.4
LJ Cryer,GSW,18,16.2,8.2,1.6,1.0,0.2,0.0,0.402,0.394,0.895,0.9
LaMelo Ball,CHA,72,28.0,20.1,4.8,7.1,1.2,0.3,0.407,0.368,0.899,5.8
Lachlan Olbrich,CHI,37,9.3,2.4,3.0,1.1,0.3,0.2,0.468,0.105,0.375,0.7
Landry Shamet,NYK,51,23.0,9.3,1.8,1.4,0.6,0.2,0.437,0.392,0.711,3.7
Larry Nance Jr.,CLE,35,12.8,3.7,2.7,1.0,0.6,0.2,0.419,0.333,0.462,-0.5
Lauri Markkanen,UTA,42,34.3,26.7,6.9,2.1,1.0,0.5,0.477,0.355,0.896,-1.3
Lawson Lovering,MEM,2,24.6,7.0,7.5,1.5,1.5,0.5,0.6,0.0,0.4,0.5
LeBron James,LAL,60,33.2,20.9,6.1,7.2,1.2,0.6,0.515,0.317,0.737,2.0
Leaky Black,WAS,15,28.9,7.1,5.0,1.5,1.2,0.5,0.388,0.345,0.875,-6.8
Leonard Miller,CHI,46,15.6,7.8,3.9,0.9,0.4,0.3,0.553,0.323,0.736,-0.6
Liam McNeeley,CHA,31,11.9,4.3,2.4,0.8,0.2,0.1,0.4,0.4,0.821,0.3
Lindy Waters III,SAS,40,7.1,2.4,0.7,0.5,0.2,0.0,0.375,0.342,0.667,-0.1
Lonzo Ball,CLE,35,20.8,4.6,4.0,3.9,1.3,0.3,0.301,0.272,0.667,0.9
Lucas Williamson,MEM,7,32.0,10.4,5.4,2.6,1.6,0.1,0.333,0.283,1.0,-17.9
Luguentz Dort,OKC,69,26.8,8.3,3.6,1.2,0.9,0.4,0.385,0.344,0.759,4.3
Luka Dončić,LAL,64,35.8,33.5,7.7,8.3,1.6,0.5,0.476,0.366,0.78,2.9
Luka Garza,BOS,69,16.2,8.1,4.1,1.0,0.4,0.4,0.577,0.433,0.769,1.8
Luke Kennard,LAL,78,21.5,8.4,2.3,2.2,0.7,0.1,0.533,0.478,0.913,0.5
Luke Kornet,SAS,68,21.0,6.5,6.1,1.9,0.5,1.0,0.643,0.0,0.825,1.7
Luke Travers,CLE,12,8.6,2.3,2.0,0.8,0.6,0.3,0.25,0.063,1.0,-2.7
Mac McClung,CHI,11,12.3,6.1,0.9,0.9,1.0,0.3,0.39,0.233,0.778,-2.4
Malachi Smith,BKN,15,23.9,8.3,3.4,3.3,0.8,0.3,0.485,0.435,1.0,-6.0
Malaki Branham,WAS,28,9.8,4.6,1.6,0.8,0.4,0.1,0.473,0.378,0.824,-1.5
Malevy Leons,GSW,25,11.1,3.3,2.1,0.9,0.6,0.4,0.444,0.25,0.789,-3.0
Malik Monk,SAC,62,22.0,12.5,1.9,3.0,0.6,0.4,0.438,0.395,0.879,-4.1
MarJon Beauchamp,PHI,14,14.0,6.8,2.3,1.1,0.6,0.3,0.434,0.34,0.684,-1.9
Marcus Sasser,DET,38,12.0,5.2,1.0,2.0,0.5,0.1,0.39,0.415,0.833,3.1
Marcus Smart,LAL,62,28.5,9.3,2.8,3.0,1.4,0.4,0.395,0.331,0.822,4.1
Mark Sears,MIL,7,3.7,3.1,0.3,0.3,0.0,0.0,0.462,0.5,0.75,1.7
Mark Williams,PHX,60,23.6,11.7,8.0,1.0,0.9,0.9,0.644,1.0,0.771,-0.7
Markelle Fultz,TOR,5,7.2,0.8,0.2,1.6,0.4,0.0,0.182,0.0,0.0,-7.2
Marvin Bagley III,DAL,60,20.0,10.5,6.1,1.4,0.5,0.7,0.618,0.462,0.66,-3.7
Mason Plumlee,SAS,20,8.6,1.6,2.7,1.0,0.5,0.0,0.786,0.0,0.643,-0.4
Matas Buzelis,CHI,77,29.2,16.3,5.8,2.1,0.7,1.5,0.463,0.349,0.786,-4.0
Matisse Thybulle,POR,30,16.0,5.8,2.0,0.9,2.0,0.5,0.433,0.398,0.84,2.9
Max Christie,DAL,77,29.1,12.3,3.2,2.0,0.6,0.4,0.441,0.404,0.899,-4.4
Max Shulga,BOS,11,3.3,0.6,0.5,0.2,0.1,0.0,0.25,0.25,1.0,-0.8
Max Strus,CLE,12,24.0,11.2,5.4,2.0,0.3,0.0,0.443,0.402,0.778,-0.3
Maxi Kleber,LAL,43,10.7,2.0,2.0,0.6,0.4,0.3,0.452,0.231,0.538,1.3
Maxime Raynaud,SAC,74,26.5,12.5,7.5,1.4,0.5,0.5,0.571,0.324,0.786,-6.2
Micah Peavy,NOP,61,15.0,4.3,1.9,1.0,0.7,0.1,0.385,0.259,0.759,-1.7
Micah Potter,IND,47,19.3,9.7,5.0,1.5,0.5,0.3,0.515,0.423,0.842,-2.6
Michael Porter Jr.,BKN,52,32.5,24.2,7.1,3.0,1.1,0.3,0.463,0.363,0.859,-3.9
Mikal Bridges,NYK,82,32.8,14.4,3.8,3.7,1.3,0.8,0.49,0.371,0.827,3.6
Mike Conley,MIN,54,18.4,4.5,1.7,2.9,0.6,0.3,0.335,0.337,0.9,0.3
Miles Bridges,CHA,77,31.0,17.1,5.8,3.2,0.6,0.4,0.46,0.333,0.822,1.9
Miles Kelly,DAL,14,9.6,3.1,1.7,0.9,0.3,0.1,0.364,0.303,1.0,-0.9
Miles McBride,NYK,41,26.3,12.0,2.4,2.6,0.9,0.2,0.423,0.413,0.787,5.5
Mitchell Robinson,NYK,60,19.6,5.7,8.8,0.9,0.9,1.2,0.723,0.0,0.408,2.6
Mo Bamba,UTA,4,11.0,2.5,5.5,0.3,0.0,0.8,0.455,0.0,0.0,-3.3
Mohamed Diawara,NYK,69,9.2,3.6,1.4,0.8,0.2,0.1,0.423,0.369,0.75,0.8
Monte Morris,IND,6,10.8,3.0,1.2,1.5,0.2,0.2,0.35,0.25,0.5,-4.8
Moritz Wagner,ORL,36,11.8,6.9,3.2,0.8,0.4,0.1,0.426,0.314,0.819,-2.4
Moses Moody,GSW,60,25.7,12.1,3.3,1.6,1.0,0.6,0.44,0.401,0.77,1.3
Mouhamadou Gueye,CHI,2,22.7,8.0,3.0,3.0,1.0,0.5,0.545,0.2,0.75,-8.0
Mouhamed Gueye,ATL,77,15.3,4.4,3.6,0.9,0.8,0.5,0.452,0.308,0.645,0.6
Moussa Cisse,DAL,38,13.9,4.5,5.7,0.2,0.5,1.2,0.574,0.0,0.469,-0.1
Moussa Diabaté,CHA,73,26.0,7.9,8.7,1.9,0.8,1.0,0.631,0.5,0.659,4.7
Myles Turner,MIL,71,26.9,11.9,5.3,1.5,0.7,1.6,0.44,0.383,0.74,-3.2
Myron Gardner,MIA,45,9.1,3.6,2.7,1.0,0.4,0.2,0.48,0.406,0.731,1.7
N'Faly Dante,ATL,4,3.9,0.8,1.8,0.0,0.5,0.0,0.25,0.0,1.0,2.5
Nae'Qwan Tomlin,CLE,64,15.7,5.8,2.9,0.8,0.6,0.5,0.478,0.235,0.77,0.9
Naji Marshall,DAL,74,29.5,15.2,4.7,3.3,1.1,0.1,0.51,0.291,0.76,-2.9
Nate Williams,GSW,14,17.1,8.0,2.1,1.0,0.4,0.0,0.489,0.433,0.867,-5.6
Naz Reid,MIN,77,26.1,13.6,6.2,2.2,1.0,1.0,0.456,0.362,0.732,2.2
Neemias Queta,BOS,76,25.3,10.2,8.4,1.7,0.8,1.3,0.653,0.125,0.703,6.3
Nic Claxton,BKN,69,27.8,11.7,6.9,3.7,0.7,1.1,0.571,0.158,0.616,-7.5
Nick Richards,CHI,48,14.6,5.8,5.1,0.3,0.2,0.7,0.512,0.278,0.644,-2.8
Nick Smith Jr.,LAL,30,12.5,6.2,0.8,1.0,0.3,0.1,0.435,0.395,0.733,-0.1
Nickeil Alexander-Walker,ATL,78,33.4,20.8,3.4,3.7,1.3,0.5,0.459,0.399,0.902,3.1
Nicolas Batum,LAC,74,17.5,4.0,2.5,0.9,0.6,0.3,0.403,0.404,0.818,-0.2
Nigel Hayes-Davis,PHX,27,7.2,1.3,1.2,0.3,0.3,0.1,0.326,0.125,0.5,-2.7
Nikola Jokić,DEN,65,34.8,27.7,12.9,10.7,1.4,0.8,0.569,0.38,0.831,8.5
Nikola Jović,MIA,47,17.2,7.3,3.3,2.2,0.6,0.4,0.366,0.269,0.683,-0.1
Nikola Topić,OKC,10,16.0,5.2,1.9,4.4,0.5,0.0,0.431,0.4,0.4,-4.2
Nikola Vučević,BOS,64,28.4,15.1,8.4,3.3,0.6,0.6,0.493,0.369,0.828,-0.7
Nique Clifford,SAC,75,25.1,8.6,3.8,2.4,0.9,0.3,0.418,0.333,0.722,-2.9
Noa Essengue,CHI,2,3.0,0.0,0.0,0.0,0.5,0.0,0.0,0.0,0.0,-7.5
Noah Clowney,BKN,66,27.0,12.3,4.1,1.6,0.8,0.7,0.396,0.329,0.804,-5.0
Noah Penda,ORL,59,12.8,3.8,3.2,1.2,0.5,0.3,0.404,0.323,0.688,-0.9
Nolan Traore,BKN,56,22.2,8.9,1.8,3.8,0.8,0.4,0.38,0.318,0.787,-5.0
Norchad Omier,LAC,6,3.9,2.8,1.2,0.3,0.2,0.0,0.7,0.0,1.0,-3.8
Norman Powell,MIA,58,29.6,21.7,3.5,2.5,1.1,0.2,0.47,0.38,0.827,0.7
OG Anunoby,NYK,67,33.2,16.7,5.2,2.2,1.6,0.7,0.484,0.386,0.828,6.1
Obi Toppin,IND,24,17.7,11.6,4.4,2.3,0.5,0.0,0.503,0.352,0.913,-1.4
Ochai Agbaji,BKN,62,15.7,5.1,2.3,0.8,0.4,0.3,0.436,0.266,0.837,-1.0
Olivier Sarr,CLE,4,9.8,3.5,2.8,1.3,0.5,0.8,0.714,0.667,0.4,6.5
Olivier-Maxence Prosper,MEM,53,18.6,10.0,3.5,1.0,0.8,0.2,0.549,0.405,0.754,-3.9
Omer Yurtseven,GSW,9,11.6,3.8,3.3,0.9,0.2,0.1,0.423,0.0,0.667,-1.6
Onyeka Okongwu,ATL,74,31.0,15.2,7.6,3.1,1.1,1.1,0.48,0.376,0.757,1.5
Orlando Robinson,ORL,4,6.2,1.8,1.0,0.8,0.3,0.0,0.6,0.5,0.0,-2.8
Oscar Tshiebwe,UTA,27,16.6,7.8,6.6,1.2,0.6,0.2,0.634,0.0,0.551,-2.9
Oso Ighodaro,PHX,82,22.1,6.5,5.1,2.3,0.9,0.7,0.653,0.0,0.453,2.0
Ousmane Dieng,MIL,57,19.3,7.6,3.2,2.4,0.4,0.3,0.422,0.341,0.711,-3.7
P.J. Washington,DAL,56,31.0,14.2,7.0,1.8,1.0,1.1,0.45,0.325,0.687,-4.9
PJ Hall,CHA,19,11.2,4.5,3.9,0.5,0.2,0.5,0.508,0.6,0.793,-1.5
Pacôme Dadiet,NYK,29,4.7,1.7,0.9,0.4,0.1,0.0,0.333,0.219,0.818,-0.2
Paolo Banchero,ORL,72,34.7,22.2,8.4,5.2,0.7,0.6,0.459,0.305,0.775,0.0
Pascal Siakam,IND,62,33.2,24.0,6.6,3.8,1.1,0.4,0.484,0.358,0.693,-3.7
Pat Connaughton,CHA,42,7.1,2.6,1.5,0.4,0.3,0.0,0.447,0.404,0.65,-0.7
Pat Spencer,GSW,66,18.6,7.2,2.4,3.5,0.7,0.1,0.427,0.357,0.772,-1.4
Patrick Baldwin Jr.,SAC,9,11.4,3.7,2.6,0.6,0.3,0.6,0.407,0.429,0.714,-4.3
Patrick Williams,CHI,72,20.5,7.0,3.0,1.5,0.7,0.4,0.372,0.347,0.72,-4.8
Paul George,PHI,37,30.7,17.3,5.3,3.6,1.7,0.4,0.439,0.392,0.82,2.4
Paul Reed,DET,65,13.9,7.8,4.5,1.2,0.9,0.9,0.617,0.325,0.664,2.1
Payton Pritchard,BOS,79,32.3,17.0,3.9,5.2,0.7,0.1,0.464,0.377,0.89,5.4
Payton Sandfort,OKC,4,15.8,8.8,2.5,0.0,0.3,0.0,0.5,0.412,0.5,-4.8
Pelle Larsson,MIA,70,26.4,11.4,3.5,3.4,0.7,0.2,0.496,0.323,0.797,1.1
Pete Nance,MIL,47,15.7,5.4,2.7,1.0,0.3,0.3,0.515,0.42,0.364,-1.7
Peyton Watson,DEN,54,29.6,14.6,4.9,2.1,0.9,1.1,0.491,0.411,0.73,3.6
Precious Achiuwa,SAC,73,23.9,10.1,6.7,1.4,0.9,0.7,0.528,0.278,0.554,-3.7
Quentin Grimes,PHI,75,29.4,13.4,3.6,3.3,0.9,0.4,0.45,0.334,0.84,0.1
Quenton Jackson,IND,49,18.3,9.1,2.3,2.9,0.6,0.1,0.47,0.356,0.824,-1.3
Quinten Post,GSW,67,17.3,7.7,4.0,1.4,0.4,0.5,0.44,0.336,0.791,0.9
RJ Barrett,TOR,57,30.3,19.3,5.3,3.3,0.7,0.3,0.491,0.339,0.717,2.9
Rasheer Fleming,PHX,55,12.2,4.3,2.3,0.3,0.4,0.4,0.405,0.346,0.559,1.8
RayJ Dennis,ATL,17,12.1,4.4,1.5,1.9,0.2,0.2,0.313,0.311,0.889,-3.6
Rayan Rupert,MEM,64,16.8,5.2,2.9,1.1,0.9,0.1,0.393,0.324,0.778,-5.0
Reed Sheppard,HOU,82,26.2,13.5,2.9,3.4,1.5,0.7,0.43,0.394,0.802,3.4
Riley Minix,CLE,9,6.5,3.9,0.7,0.6,0.2,0.1,0.609,0.333,1.0,3.6
Rob Dillingham,CHI,65,14.9,6.3,2.0,2.2,0.7,0.1,0.396,0.316,0.745,-2.2
Robert Williams III,POR,59,17.1,6.7,7.0,1.0,0.6,1.5,0.708,0.391,0.596,1.2
Rocco Zikarsky,MIN,5,7.3,2.8,2.8,0.4,0.0,1.0,0.625,0.0,1.0,1.4
Ron Harper Jr.,BOS,29,10.9,4.2,1.7,0.8,0.3,0.3,0.418,0.35,0.75,0.6
Ronald Holland II,DET,78,19.9,8.2,4.0,1.2,1.2,0.3,0.432,0.253,0.805,1.7
Royce O'Neale,PHX,78,28.4,9.8,4.8,2.7,1.1,0.4,0.421,0.408,0.711,-1.4
Rudy Gobert,MIN,76,31.3,10.9,11.5,1.7,0.8,1.6,0.682,0.0,0.526,3.1
Rui Hachimura,LAL,68,28.3,11.5,3.3,0.8,0.6,0.3,0.514,0.443,0.694,1.2
Russell Westbrook,SAC,64,28.9,15.2,5.4,6.7,1.3,0.2,0.427,0.338,0.694,-7.1
Ryan Dunn,PHX,70,19.4,5.8,4.2,1.5,0.9,0.4,0.453,0.331,0.489,0.1
Ryan Kalkbrenner,CHA,69,21.4,7.6,5.5,0.8,0.5,1.5,0.753,0.0,0.716,0.7
Ryan Nembhard,DAL,60,19.5,6.6,2.2,5.3,0.4,0.0,0.415,0.356,0.806,-0.4
Ryan Rollins,MIL,74,32.1,17.3,4.6,5.6,1.5,0.4,0.472,0.406,0.796,-2.4
Saddiq Bey,NOP,72,31.2,17.7,5.6,2.5,0.9,0.1,0.451,0.367,0.841,-2.6
Sam Hauser,BOS,78,24.8,9.2,3.8,1.5,0.5,0.3,0.419,0.393,0.85,4.7
Sam Merrill,CLE,52,26.5,12.8,2.6,2.4,0.6,0.1,0.461,0.421,0.855,4.7
Sandro Mamukelashvili,TOR,80,21.9,11.2,4.9,1.9,0.8,0.5,0.523,0.389,0.747,2.3
Santi Aldama,MEM,43,27.9,14.0,6.7,2.9,0.9,0.7,0.479,0.35,0.667,-1.1
Scoot Henderson,POR,30,24.9,14.2,2.7,3.7,0.9,0.3,0.418,0.352,0.84,1.8
Scottie Barnes,TOR,80,33.5,18.1,7.5,5.9,1.4,1.5,0.507,0.304,0.815,3.3
Scotty Pippen Jr.,MEM,10,21.2,11.4,2.2,4.7,1.9,0.4,0.448,0.313,0.783,-5.0
Sean Pedulla,LAC,7,4.4,1.9,0.4,0.7,0.0,0.0,0.333,0.3,0.0,-2.9
Seth Curry,GSW,10,13.3,7.1,1.2,1.0,0.3,0.0,0.49,0.48,0.917,0.1
Shaedon Sharpe,POR,50,29.4,20.8,4.3,2.6,1.4,0.1,0.452,0.337,0.787,-1.0
Shai Gilgeous-Alexander,OKC,68,33.2,31.1,4.3,6.6,1.4,0.8,0.553,0.386,0.879,11.6
Sharife Cooper,WAS,41,17.1,8.1,2.1,3.0,0.4,0.1,0.514,0.382,0.833,-4.5
Sidy Cissoko,POR,75,19.1,5.1,2.2,1.5,0.7,0.3,0.398,0.298,0.659,-0.8
Simone Fontecchio,MIA,70,16.7,8.5,3.0,1.4,0.5,0.1,0.412,0.375,0.843,1.3
Sion James,CHA,82,22.5,5.4,3.5,2.0,0.6,0.2,0.371,0.352,0.837,0.8
Skal Labissiere,WAS,3,12.5,4.3,3.0,1.0,0.7,0.3,0.6,0.2,0.0,0.7
Spencer Jones,DEN,64,22.1,5.5,3.3,0.8,0.8,0.5,0.504,0.396,0.608,0.0
Stanley Umude,SAS,2,3.3,1.0,0.0,0.5,0.5,0.0,0.5,0.0,0.0,-8.5
Stephen Curry,GSW,43,30.9,26.6,3.6,4.7,1.1,0.4,0.468,0.393,0.923,2.1
Stephon Castle,SAS,68,30.0,16.7,5.3,7.4,1.1,0.3,0.471,0.332,0.734,6.0
Steven Adams,HOU,32,22.8,5.8,8.6,1.5,0.7,0.6,0.504,0.0,0.58,6.1
Svi Mykhailiuk,UTA,50,23.1,9.4,2.5,1.9,0.5,0.1,0.478,0.408,0.893,-1.5
T.J. McConnell,IND,56,17.2,9.4,2.2,5.1,1.0,0.2,0.538,0.32,0.862,-2.4
Taelon Peter,IND,38,13.0,4.5,1.6,1.1,0.7,0.1,0.38,0.328,0.625,-2.6
Taj Gibson,MEM,10,9.7,3.4,2.7,0.6,0.2,0.1,0.462,0.5,0.875,-0.7
Tari Eason,HOU,60,25.8,10.5,6.3,1.5,1.2,0.5,0.416,0.358,0.776,2.8
Taurean Prince,MIL,26,23.5,9.2,3.1,1.8,0.6,0.2,0.45,0.436,1.0,-2.0
Taylor Hendricks,MEM,59,19.0,7.4,3.7,0.9,0.8,0.5,0.459,0.342,0.681,-4.4
Terance Mann,BKN,63,24.3,7.2,3.2,3.0,0.7,0.2,0.457,0.364,0.788,-4.2
Terrence Shannon Jr.,MIN,43,12.5,5.6,1.1,0.9,0.3,0.0,0.45,0.408,0.8,-1.9
Thanasis Antetokounmpo,MIL,34,4.4,1.4,0.9,0.4,0.4,0.2,0.469,0.0,0.567,0.1
Thomas Bryant,CLE,60,12.2,6.2,3.4,0.6,0.3,0.4,0.506,0.359,0.803,0.7
Tidjane Salaün,CHA,37,15.6,6.0,4.0,0.7,0.4,0.2,0.503,0.434,0.65,-0.1
Tim Hardaway Jr.,DEN,80,26.6,13.5,2.6,1.4,0.5,0.1,0.447,0.407,0.811,2.5
Tobias Harris,DET,63,27.7,13.3,5.1,2.5,0.9,0.4,0.469,0.368,0.866,5.8
Toby Okani,MEM,6,36.2,10.0,3.5,1.0,0.7,0.5,0.357,0.29,0.125,-22.8
Tolu Smith,DET,15,9.2,3.7,3.3,0.9,0.1,0.4,0.5,0.0,0.667,0.0
Tony Bradley,ATL,41,11.0,4.0,2.8,0.5,0.1,0.2,0.547,0.5,0.744,-3.4
Tosan Evbuomwan,CHA,5,1.5,0.0,0.4,0.0,0.0,0.0,0.0,0.0,0.0,-1.6
Toumani Camara,POR,82,33.3,13.4,5.1,2.5,1.1,0.4,0.44,0.37,0.708,0.4
Trae Young,WAS,15,25.6,17.9,2.0,8.0,0.9,0.1,0.458,0.338,0.825,-4.4
Trayce Jackson-Davis,TOR,53,9.4,3.4,2.7,0.7,0.3,0.5,0.573,1.0,0.514,-1.4
Tre Johnson,WAS,60,24.0,12.2,2.8,2.0,0.6,0.3,0.419,0.358,0.874,-5.6
Tre Jones,CHI,65,27.0,14.1,3.1,5.4,1.2,0.2,0.553,0.315,0.841,-2.1
Tre Mann,CHA,53,12.6,5.5,1.7,1.6,0.5,0.1,0.36,0.323,0.852,-2.9
Trendon Watford,PHI,53,16.3,6.5,3.3,2.5,0.3,0.4,0.515,0.2,0.779,-2.9
Trentyn Flowers,CHI,2,2.8,2.0,0.5,0.5,0.0,0.0,0.667,0.0,0.0,-1.0
Trevon Scott,BKN,6,30.4,8.0,5.2,1.7,1.3,0.8,0.38,0.316,0.667,-10.8
Trevor Keels,MIA,8,1.9,1.0,0.3,0.0,0.1,0.0,0.25,0.222,0.0,0.6
Trey Alexander,NOP,9,12.3,5.2,1.2,1.0,0.7,0.2,0.514,0.5,0.6,-2.0
Trey Jemison III,NYK,13,6.3,1.0,1.4,0.4,0.1,0.2,0.6,0.0,1.0,-2.2
Trey Murphy III,NOP,66,35.5,21.5,5.7,3.8,1.5,0.4,0.47,0.379,0.886,-2.6
Tristan Enaruna,CLE,9,9.5,4.1,1.6,0.8,0.6,0.0,0.5,0.3,0.75,4.8
Tristan Vukcevic,WAS,49,13.7,9.0,3.0,1.1,0.5,0.7,0.479,0.347,0.784,-4.6
Tristan da Silva,ORL,77,24.7,9.9,3.7,1.6,0.9,0.3,0.45,0.374,0.884,1.3
Tristen Newton,HOU,1,12.0,12.0,3.0,0.0,1.0,0.0,0.444,0.4,0.667,2.0
Ty Jerome,MEM,15,22.6,19.7,2.8,5.7,1.1,0.3,0.474,0.42,0.875,-3.0
TyTy Washington Jr.,LAC,16,5.5,1.3,0.4,1.1,0.4,0.2,0.474,0.375,0.0,-2.4
Tyler Burton,MEM,12,25.6,10.8,4.2,1.0,0.9,0.3,0.375,0.333,0.852,-12.1
Tyler Herro,MIA,33,31.3,20.5,4.8,4.1,0.7,0.4,0.48,0.378,0.917,-1.2
Tyler Kolek,NYK,62,11.7,4.4,1.6,2.7,0.4,0.1,0.435,0.386,0.7,1.7
Tyler Smith,DAL,12,13.8,4.7,2.8,0.4,0.5,0.0,0.42,0.286,0.667,-1.8
Tyrese Martin,PHI,46,16.9,6.3,2.5,1.7,0.5,0.1,0.394,0.321,0.679,-3.9
Tyrese Maxey,PHI,70,38.0,28.3,4.1,6.6,1.9,0.8,0.462,0.367,0.892,1.6
Tyrese Proctor,CLE,50,10.9,5.4,1.3,1.5,0.5,0.0,0.413,0.351,0.889,-0.1
Tyson Etienne,BKN,24,15.8,7.9,1.1,1.7,0.5,0.0,0.4,0.398,0.833,-4.3
Tyus Jones,DEN,67,14.6,3.0,1.1,2.4,0.6,0.0,0.349,0.292,0.778,-1.6
VJ Edgecombe,PHI,75,35.0,16.0,5.6,4.2,1.4,0.5,0.438,0.354,0.818,0.8
Victor Wembanyama,SAS,64,29.2,25.0,11.5,3.1,1.0,3.1,0.512,0.349,0.827,10.7
Vince Williams Jr.,UTA,40,20.5,7.5,3.9,4.2,0.7,0.4,0.353,0.311,0.78,0.2
Vladislav Goldin,MIA,9,2.7,0.8,1.0,0.3,0.0,0.3,0.75,0.0,1.0,0.6
Vít Krejčí,POR,65,21.4,8.5,2.3,1.5,0.7,0.3,0.448,0.39,0.745,-0.6
Walker Kessler,UTA,5,30.8,14.4,10.8,3.0,1.4,1.8,0.703,0.75,0.7,2.8
Walter Clayton Jr.,MEM,69,20.4,7.8,2.0,4.0,0.6,0.3,0.384,0.307,0.901,-4.1
Wendell Carter Jr.,ORL,78,29.3,11.8,7.4,2.0,0.8,0.6,0.512,0.319,0.792,1.2
Wendell Moore Jr.,DET,6,9.9,1.7,1.0,0.7,0.3,0.3,0.571,0.0,1.0,7.0
Will Richard,GSW,69,20.0,6.4,2.5,1.3,1.2,0.1,0.468,0.335,0.852,-1.4
Will Riley,WAS,74,22.1,10.3,2.9,2.0,0.7,0.1,0.439,0.316,0.8,-6.5
Xavier Tillman,CHA,30,6.1,1.5,1.4,0.4,0.3,0.2,0.435,0.167,0.25,-0.8
Yang Hansen,POR,43,7.0,2.2,1.5,0.5,0.1,0.2,0.31,0.119,0.824,-2.3
Yanic Konan Niederhäuser,LAC,41,10.3,4.3,2.9,0.3,0.1,0.7,0.64,0.2,0.758,0.9
Yuki Kawamura,CHI,18,11.6,3.4,1.8,2.6,0.5,0.0,0.327,0.297,0.895,-0.2
Yves Missi,NOP,66,19.7,5.7,5.8,1.3,0.3,1.5,0.544,0.0,0.559,-0.6
Zaccharie Risacher,ATL,67,22.4,9.6,3.8,1.1,0.9,0.5,0.455,0.368,0.644,-0.2
Zach Collins,CHI,10,18.4,9.7,5.6,1.5,0.2,0.4,0.578,0.429,0.7,1.8
Zach Edey,MEM,11,25.8,13.6,11.1,1.1,0.6,1.9,0.633,0.2,0.781,10.3
Zach LaVine,SAC,39,31.4,19.2,2.8,2.3,0.7,0.3,0.479,0.39,0.88,-7.9
Zeke Nnaji,DEN,52,12.0,3.7,2.6,0.6,0.3,0.5,0.47,0.259,0.773,-2.1
Ziaire Williams,BKN,56,22.9,10.2,2.4,1.1,1.4,0.4,0.425,0.343,0.85,-5.0
Zion Williamson,NOP,62,29.7,21.0,5.7,3.2,1.0,0.5,0.6,0.25,0.716,-1.3
Zyon Pullin,MIN,5,8.5,4.6,0.6,1.8,0.2,0.0,0.692,0.333,1.0,1.2
